user_played, instrument_name, velocity, pitch, start (s), end (s)
True,piano,14,61,2.0367636875,3.0955866874999995
True,piano,16,65,2.117646,3.1764689999999995
True,piano,14,56,2.117646,3.7058804999999997
True,piano,15,49,2.117646,3.7058804999999997
True,piano,15,53,2.117646,3.7058804999999997
True,piano,16,67,3.52941,3.882351
True,piano,14,68,3.882351,4.235292
True,piano,15,67,4.235292,5.02940925
True,piano,14,58,4.235292,5.8235265
True,piano,13,61,4.235292,5.8235265
True,piano,11,51,4.235292,5.8235265
True,piano,13,55,4.235292,5.8235265
True,piano,16,68,5.647056,5.9999970000000005
True,piano,14,70,5.9999970000000005,6.352937999999999
True,piano,14,68,6.352937999999999,6.97058475
True,piano,15,60,6.352937999999999,7.9411725
True,piano,12,63,6.352937999999999,7.9411725
True,piano,15,56,6.352937999999999,7.9411725
True,piano,15,67,7.411760999999999,8.117643
True,piano,14,56,8.470584,10.0588185
True,piano,12,60,8.470584,10.0588185
True,piano,13,53,8.470584,10.0588185
True,piano,12,65,8.470584,10.0588185
True,piano,14,61,10.5073476875,11.7426411875
True,piano,16,65,10.58823,11.8235235
True,piano,12,53,10.58823,12.1764645
True,piano,12,58,10.58823,12.1764645
True,piano,8,46,10.58823,12.1764645
True,piano,13,49,10.58823,12.1764645
True,piano,16,67,11.999994000000001,12.352935
True,piano,14,68,12.352935,12.705875999999998
True,piano,15,72,12.705875999999998,13.499993250000001
True,piano,15,55,12.705875999999998,14.2941105
True,piano,14,51,12.705875999999998,14.2941105
True,piano,13,58,12.705875999999998,14.2941105
True,piano,14,70,13.764699,14.647051499999998
True,piano,15,70,14.823521999999999,15.97058025
True,piano,12,60,14.823521999999999,16.4117565
True,piano,12,56,14.823521999999999,16.4117565
True,piano,11,63,14.823521999999999,16.4117565
True,piano,15,67,16.235286,16.588227
True,piano,15,68,16.588227,16.941168
True,piano,12,65,16.941168,18.26469675
True,piano,14,56,16.941168,18.5294025
True,piano,12,53,16.941168,18.5294025
True,piano,13,60,16.941168,18.5294025
True,piano,15,68,19.014696375,19.367637374999997
True,piano,16,72,19.058814,19.32351975
True,piano,15,53,19.058814,19.85293125
True,piano,15,41,19.058814,19.85293125
True,piano,14,48,19.058814,19.85293125
True,piano,16,68,19.411755,19.67646075
True,piano,17,72,19.411755,19.67646075
True,piano,16,72,19.764696,19.85293125
True,piano,15,72,19.941166499999998,20.38234275
True,piano,14,53,20.117637,20.911754249999998
True,piano,12,60,20.117637,20.911754249999998
True,piano,12,56,20.117637,20.911754249999998
True,piano,15,72,20.470578,20.55881325
True,piano,15,72,20.6470485,20.911754249999998
True,piano,15,72,20.9999895,21.44116575
True,piano,12,53,21.17646,21.97057725
True,piano,12,56,21.17646,21.97057725
True,piano,12,60,21.17646,21.97057725
True,piano,15,70,21.529400999999996,21.7058715
True,piano,14,68,21.7058715,22.4117535
True,piano,12,60,22.235283,23.02940025
True,piano,11,56,22.235283,23.02940025
True,piano,11,53,22.235283,23.02940025
True,piano,14,68,22.7646945,22.941164999999998
True,piano,15,70,22.941164999999998,23.117635500000002
True,piano,16,72,23.117635500000002,23.294106
True,piano,15,73,23.294106,23.735282249999997
True,piano,14,41,23.294106,24.1764585
True,piano,15,34,23.294106,24.1764585
True,piano,15,46,23.294106,24.1764585
True,piano,15,72,23.823517499999998,23.999988000000002
True,piano,15,70,23.999988000000002,24.1764585
True,piano,14,72,24.1764585,24.352929
True,piano,13,73,24.352929,25.058811000000002
True,piano,12,49,24.352929,25.2352815
True,piano,12,53,24.352929,25.2352815
True,piano,12,56,24.352929,25.2352815
True,piano,14,46,24.352929,25.2352815
True,piano,12,56,25.411751999999996,26.2941045
True,piano,12,53,25.411751999999996,26.2941045
True,piano,12,49,25.411751999999996,26.2941045
True,piano,12,46,25.411751999999996,26.2941045
True,piano,11,70,25.411751999999996,26.2941045
True,piano,11,65,25.411751999999996,26.2941045
True,piano,11,61,25.411751999999996,26.2941045
True,piano,7,61,26.470575,27.26469225
True,piano,7,65,26.470575,27.26469225
True,piano,7,70,26.470575,27.26469225
True,piano,13,56,26.470575,27.352927499999996
True,piano,13,53,26.470575,27.352927499999996
True,piano,12,49,26.470575,27.352927499999996
True,piano,12,46,26.470575,27.352927499999996
True,piano,15,63,27.470574499999998,27.8235155
True,piano,16,70,27.529398,27.79410375
True,piano,15,51,27.529398,28.4117505
True,piano,15,39,27.529398,28.4117505
True,piano,14,46,27.529398,28.4117505
True,piano,15,70,27.882339,28.147044750000003
True,piano,15,70,28.23528,28.32351525
True,piano,14,70,28.4117505,28.852926749999998
True,piano,12,61,28.588221,29.4705735
True,piano,12,58,28.588221,29.4705735
True,piano,14,51,28.588221,29.4705735
True,piano,12,55,28.588221,29.4705735
True,piano,15,70,28.941162000000002,29.02939725
True,piano,15,70,29.1176325,29.38233825
True,piano,15,70,29.4705735,29.91174975
True,piano,12,61,29.647043999999998,30.5293965
True,piano,12,58,29.647043999999998,30.5293965
True,piano,12,51,29.647043999999998,30.5293965
True,piano,12,55,29.647043999999998,30.5293965
True,piano,12,63,29.999985,30.882337500000002
True,piano,13,58,30.705866999999998,31.588219499999997
True,piano,13,61,30.705866999999998,31.588219499999997
True,piano,12,55,30.705866999999998,31.588219499999997
True,piano,12,51,30.705866999999998,31.588219499999997
True,piano,14,63,31.235278499999996,31.411749
True,piano,15,68,31.411749,31.588219499999997
True,piano,16,70,31.588219499999997,31.76469
True,piano,15,72,31.76469,32.20586625
True,piano,14,39,31.76469,32.6470425
True,piano,15,32,31.76469,32.6470425
True,piano,15,44,31.76469,32.6470425
True,piano,15,70,32.294101500000004,32.470572
True,piano,15,68,32.470572,32.6470425
True,piano,14,70,32.6470425,32.823513
True,piano,13,72,32.823513,33.44115975
True,piano,12,48,32.823513,33.7058655
True,piano,12,51,32.823513,33.7058655
True,piano,14,44,32.823513,33.7058655
True,piano,12,56,32.823513,33.7058655
True,piano,10,63,33.882336,34.67645325
True,piano,10,68,33.882336,34.67645325
True,piano,10,60,33.882336,34.67645325
True,piano,12,51,33.882336,34.7646885
True,piano,12,48,33.882336,34.7646885
True,piano,12,56,33.882336,34.7646885
True,piano,12,44,33.882336,34.7646885
True,piano,7,60,34.941159,35.73527625
True,piano,7,63,34.941159,35.73527625
True,piano,7,68,34.941159,35.73527625
True,piano,12,44,34.941159,35.8235115
True,piano,13,51,34.941159,35.8235115
True,piano,12,48,34.941159,35.8235115
True,piano,13,56,34.941159,35.8235115
True,piano,16,68,35.999981999999996,36.26468775
True,piano,16,72,35.999981999999996,36.26468775
True,piano,15,53,35.999981999999996,36.8823345
True,piano,14,48,35.999981999999996,36.8823345
True,piano,15,41,35.999981999999996,36.8823345
True,piano,16,72,36.352923,36.44115825
True,piano,16,72,36.5293935,36.97056975
True,piano,16,72,37.058805,37.49998125
True,piano,12,60,37.058805,37.941157499999996
True,piano,14,53,37.058805,37.941157499999996
True,piano,12,56,37.058805,37.941157499999996
True,piano,15,72,37.5882165,38.02939275
True,piano,15,72,38.117628,38.38233375
True,piano,12,56,38.117628,38.9999805
True,piano,12,53,38.117628,38.9999805
True,piano,12,60,38.117628,38.9999805
True,piano,14,70,38.470569,38.6470395
True,piano,13,68,38.6470395,38.9999805
True,piano,16,77,39.176451,39.44115675
True,piano,16,65,39.176451,39.44115675
True,piano,11,53,39.176451,40.0588035
True,piano,12,60,39.176451,40.0588035
True,piano,11,56,39.176451,40.0588035
True,piano,16,79,39.529392,39.79409775
True,piano,16,67,39.529392,39.79409775
True,piano,14,68,39.882332999999996,40.235274
True,piano,14,80,39.882332999999996,40.235274
True,piano,15,73,40.235274,40.676450249999995
True,piano,15,34,40.235274,41.1176265
True,piano,14,41,40.235274,41.1176265
True,piano,15,46,40.235274,41.1176265
True,piano,15,72,40.7646855,40.941156
True,piano,15,70,40.941156,41.1176265
True,piano,14,72,41.1176265,41.294097
True,piano,14,58,41.294097,42.1764495
True,piano,12,61,41.294097,42.1764495
True,piano,12,63,41.294097,42.1764495
True,piano,13,73,41.294097,42.970566749999996
True,piano,12,61,42.35292,43.2352725
True,piano,12,58,42.35292,43.2352725
True,piano,12,63,42.35292,43.2352725
True,piano,10,63,43.411743,44.2940955
True,piano,9,61,43.411743,44.2940955
True,piano,10,58,43.411743,44.2940955
True,piano,16,70,44.470566,44.73527175
True,piano,14,46,44.470566,45.352918499999994
True,piano,15,39,44.470566,45.352918499999994
True,piano,15,51,44.470566,45.352918499999994
True,piano,15,70,44.823507,45.08821275
True,piano,15,70,45.176448,45.441153750000005
True,piano,14,70,45.529389,45.79409475
True,piano,12,58,45.529389,46.4117415
True,piano,12,61,45.529389,46.4117415
True,piano,12,55,45.529389,46.4117415
True,piano,14,51,45.529389,46.4117415
True,piano,15,70,45.882329999999996,45.97056525
True,piano,15,70,46.0588005,46.49997675
True,piano,15,70,46.588212,46.94115299999999
True,piano,12,61,46.588212,48.529387500000006
True,piano,12,58,46.588212,48.529387500000006
True,piano,12,51,46.588212,48.529387500000006
True,piano,12,55,46.588212,48.529387500000006
True,piano,12,63,46.94115299999999,47.55879975
True,piano,16,70,47.647034999999995,47.999976000000004
True,piano,16,82,47.647034999999995,47.999976000000004
True,piano,17,84,47.999976000000004,48.1764465
True,piano,17,72,47.999976000000004,48.1764465
True,piano,15,85,48.1764465,48.61762275
True,piano,15,73,48.1764465,48.61762275
True,piano,14,39,48.705858,49.5882105
True,piano,15,44,48.705858,49.5882105
True,piano,15,32,48.705858,49.5882105
True,piano,14,84,48.705858,49.764680999999996
True,piano,14,72,48.705858,49.764680999999996
True,piano,12,48,49.764680999999996,50.6470335
True,piano,12,56,49.764680999999996,50.6470335
True,piano,12,51,49.764680999999996,50.6470335
True,piano,14,44,49.764680999999996,50.6470335
True,piano,14,70,50.117622000000004,50.470563
True,piano,14,82,50.117622000000004,50.470563
True,piano,14,68,50.470563,50.82350399999999
True,piano,14,80,50.470563,50.82350399999999
True,piano,12,44,50.82350399999999,51.7058565
True,piano,12,51,50.82350399999999,51.7058565
True,piano,12,48,50.82350399999999,51.7058565
True,piano,12,56,50.82350399999999,51.7058565
True,piano,12,79,50.82350399999999,51.79409175
True,piano,12,67,50.82350399999999,51.79409175
True,piano,12,44,51.882327000000004,52.7646795
True,piano,13,51,51.882327000000004,52.7646795
True,piano,12,48,51.882327000000004,52.7646795
True,piano,13,56,51.882327000000004,52.7646795
True,piano,15,68,52.235268,52.588209
True,piano,15,67,52.588209,52.94115
True,piano,15,65,52.94115,53.73526725
True,piano,12,49,52.94115,56.47056
True,piano,14,53,52.94115,56.47056
True,piano,12,58,52.94115,56.47056
True,piano,13,46,52.94115,56.47056
True,piano,15,67,53.999973000000004,54.79409025
True,piano,16,68,55.058796,56.6470305
True,piano,15,65,57.176442,58.0587945
True,piano,12,67,57.176442,58.0587945
True,piano,12,51,57.176442,59.02938225
True,piano,11,55,57.176442,59.02938225
True,piano,12,58,57.176442,59.02938225
True,piano,12,63,57.176442,59.02938225
True,piano,13,68,58.235265,59.02938225
True,piano,16,67,58.235265,59.02938225
True,piano,14,68,59.2132056875,60.096477304687504
True,piano,15,72,59.243536554687495,60.215043421875
True,piano,16,73,59.2950071171875,60.442984484374996
True,piano,9,58,59.2950071171875,61.148866484375
True,piano,10,51,59.2950071171875,61.148866484375
True,piano,7,55,59.2950071171875,61.148866484375
True,piano,9,61,59.2950071171875,61.148866484375
True,piano,20,72,60.707690234375,60.972395984375
True,piano,18,65,60.707690234375,60.972395984375
True,piano,17,65,61.060631234374995,61.32533698437499
True,piano,16,72,61.060631234374995,61.32533698437499
True,piano,19,65,61.413572234375,61.942983734375
True,piano,21,73,61.413572234375,61.942983734375
True,piano,18,49,61.413572234375,62.207689484375
True,piano,22,46,61.413572234375,62.207689484375
True,piano,19,41,61.413572234375,62.207689484375
True,piano,18,65,62.119454234375006,62.384159984375
True,piano,18,73,62.119454234375006,62.384159984375
True,piano,23,65,62.472395234375,62.648865734375
True,piano,20,73,62.472395234375,62.648865734375
True,piano,16,49,62.472395234375,62.825336234374994
True,piano,20,53,62.472395234375,62.825336234374994
True,piano,18,46,62.472395234375,62.825336234374994
True,piano,15,56,62.472395234375,62.825336234374994
True,piano,18,72,62.648865734375,62.825336234374994
True,piano,18,49,62.825336234374994,63.178277234375
True,piano,14,70,62.825336234374994,63.354747734374996
True,piano,22,53,63.178277234375,63.531218234375
True,piano,19,73,63.531218234375,64.148864984375
True,piano,18,65,63.531218234375,64.148864984375
True,piano,18,55,63.531218234375,64.325335484375
True,piano,20,51,63.531218234375,64.325335484375
True,piano,19,46,63.531218234375,64.325335484375
True,piano,19,65,64.237100234375,64.501805984375
True,piano,20,73,64.237100234375,64.501805984375
True,piano,18,51,64.590041234375,64.942982234375
True,piano,20,58,64.590041234375,64.942982234375
True,piano,15,61,64.590041234375,64.942982234375
True,piano,16,55,64.590041234375,64.942982234375
True,piano,22,65,64.590041234375,64.942982234375
True,piano,20,73,64.590041234375,64.942982234375
True,piano,18,51,64.942982234375,65.295923234375
True,piano,20,70,64.942982234375,65.295923234375
True,piano,18,72,65.295923234375,65.560628984375
True,piano,18,65,65.295923234375,65.560628984375
True,piano,22,55,65.295923234375,65.648864234375
True,piano,19,65,65.648864234375,66.266510984375
True,piano,20,72,65.648864234375,66.266510984375
True,piano,19,44,65.648864234375,66.442981484375
True,piano,18,56,65.648864234375,66.442981484375
True,piano,19,48,65.648864234375,66.442981484375
True,piano,22,51,65.648864234375,66.442981484375
True,piano,21,63,66.354746234375,66.707687234375
True,piano,21,75,66.354746234375,66.707687234375
True,piano,21,84,66.707687234375,67.237098734375
True,piano,20,72,66.707687234375,67.237098734375
True,piano,19,43,66.707687234375,67.501804484375
True,piano,15,46,66.707687234375,67.501804484375
True,piano,15,51,66.707687234375,67.501804484375
True,piano,18,55,66.707687234375,67.501804484375
True,piano,18,68,67.413569234375,67.76651023437499
True,piano,20,80,67.413569234375,67.76651023437499
True,piano,20,82,67.76651023437499,68.119451234375
True,piano,20,70,67.76651023437499,68.119451234375
True,piano,22,48,67.76651023437499,68.56062748437499
True,piano,18,53,67.76651023437499,68.56062748437499
True,piano,19,41,67.76651023437499,68.56062748437499
True,piano,17,68,68.119451234375,68.384156984375
True,piano,18,65,68.215039421875,68.832686171875
True,piano,20,60,68.825333234375,69.178274234375
True,piano,18,53,68.825333234375,69.178274234375
True,piano,16,56,68.825333234375,69.178274234375
True,piano,20,72,69.178274234375,69.442979984375
True,piano,18,65,69.178274234375,69.442979984375
True,piano,18,53,69.178274234375,69.531215234375
True,piano,17,65,69.531215234375,69.795920984375
True,piano,16,72,69.531215234375,69.795920984375
True,piano,22,56,69.531215234375,69.884156234375
True,piano,21,73,69.884156234375,70.41356773437501
True,piano,19,65,69.884156234375,70.41356773437501
True,piano,18,49,69.884156234375,70.678273484375
True,piano,22,46,69.884156234375,70.678273484375
True,piano,19,41,69.884156234375,70.678273484375
True,piano,18,65,70.590038234375,70.85474398437499
True,piano,18,73,70.590038234375,70.85474398437499
True,piano,18,46,70.942979234375,71.295920234375
True,piano,20,53,70.942979234375,71.295920234375
True,piano,16,49,70.942979234375,71.295920234375
True,piano,15,56,70.942979234375,71.295920234375
True,piano,20,73,70.942979234375,71.295920234375
True,piano,23,65,70.942979234375,71.295920234375
True,piano,18,49,71.295920234375,71.64886123437499
True,piano,18,70,71.295920234375,71.64886123437499
True,piano,20,73,71.64886123437499,71.737096484375
True,piano,22,53,71.64886123437499,72.001802234375
True,piano,19,73,71.825331734375,72.531213734375
True,piano,20,51,72.001802234375,72.795919484375
True,piano,19,46,72.001802234375,72.795919484375
True,piano,18,55,72.001802234375,72.795919484375
True,piano,19,65,72.884154734375,72.972389984375
True,piano,20,73,72.884154734375,72.972389984375
True,piano,16,55,73.060625234375,73.413566234375
True,piano,15,61,73.060625234375,73.413566234375
True,piano,20,58,73.060625234375,73.413566234375
True,piano,18,51,73.060625234375,73.413566234375
True,piano,22,65,73.060625234375,73.413566234375
True,piano,20,73,73.060625234375,73.413566234375
True,piano,18,51,73.413566234375,73.766507234375
True,piano,18,75,73.413566234375,73.766507234375
True,piano,22,55,73.766507234375,74.119448234375
True,piano,20,77,73.766507234375,74.119448234375
True,piano,20,72,74.119448234375,74.73709498437499
True,piano,19,65,74.119448234375,74.73709498437499
True,piano,18,56,74.119448234375,74.913565484375
True,piano,19,44,74.119448234375,74.913565484375
True,piano,15,48,74.119448234375,74.913565484375
True,piano,22,51,74.119448234375,74.913565484375
True,piano,21,75,74.825330234375,75.178271234375
True,piano,21,63,74.825330234375,75.178271234375
True,piano,20,72,75.178271234375,75.795917984375
True,piano,21,84,75.178271234375,75.795917984375
True,piano,19,43,75.178271234375,75.972388484375
True,piano,18,55,75.178271234375,75.972388484375
True,piano,15,51,75.178271234375,75.972388484375
True,piano,15,46,75.178271234375,75.972388484375
True,piano,20,80,75.884153234375,76.237094234375
True,piano,18,68,75.884153234375,76.237094234375
True,piano,20,70,76.237094234375,76.590035234375
True,piano,20,82,76.237094234375,76.590035234375
True,piano,19,41,76.237094234375,77.03121148437499
True,piano,18,53,76.237094234375,77.03121148437499
True,piano,22,48,76.237094234375,77.03121148437499
True,piano,17,68,76.590035234375,76.854740984375
True,piano,18,65,76.68562342187501,77.391505421875
True,piano,20,60,77.295917234375,77.648858234375
True,piano,16,56,77.295917234375,77.648858234375
True,piano,18,53,77.295917234375,77.648858234375
True,piano,18,53,77.648858234375,78.001799234375
True,piano,21,79,77.648858234375,78.001799234375
True,piano,21,67,77.648858234375,78.001799234375
True,piano,22,56,78.001799234375,78.354740234375
True,piano,21,80,78.001799234375,78.354740234375
True,piano,21,68,78.001799234375,78.354740234375
True,piano,19,77,78.354740234375,78.972386984375
True,piano,19,65,78.354740234375,78.972386984375
True,piano,19,41,78.354740234375,79.148857484375
True,piano,22,46,78.354740234375,79.148857484375
True,piano,18,49,78.354740234375,79.148857484375
True,piano,21,65,79.41356323437499,79.590033734375
True,piano,21,77,79.41356323437499,79.590033734375
True,piano,15,56,79.41356323437499,79.766504234375
True,piano,16,49,79.41356323437499,79.766504234375
True,piano,20,53,79.41356323437499,79.766504234375
True,piano,18,46,79.41356323437499,79.766504234375
True,piano,22,79,79.590033734375,79.942974734375
True,piano,22,67,79.590033734375,79.942974734375
True,piano,18,49,79.766504234375,80.119445234375
True,piano,19,80,79.942974734375,80.384150984375
True,piano,19,68,79.942974734375,80.384150984375
True,piano,22,53,80.119445234375,80.472386234375
True,piano,18,67,80.472386234375,81.178268234375
True,piano,18,79,80.472386234375,81.178268234375
True,piano,18,55,80.472386234375,81.26650348437501
True,piano,20,51,80.472386234375,81.26650348437501
True,piano,19,46,80.472386234375,81.26650348437501
True,piano,16,55,81.531209234375,81.884150234375
True,piano,15,61,81.531209234375,81.884150234375
True,piano,20,58,81.531209234375,81.884150234375
True,piano,18,51,81.531209234375,81.884150234375
True,piano,22,79,81.531209234375,81.884150234375
True,piano,18,67,81.531209234375,81.884150234375
True,piano,22,80,81.884150234375,82.148855984375
True,piano,19,68,81.884150234375,82.148855984375
True,piano,18,51,81.884150234375,82.237091234375
True,piano,22,82,82.237091234375,82.50179698437499
True,piano,20,70,82.237091234375,82.50179698437499
True,piano,22,55,82.237091234375,82.590032234375
True,piano,22,84,82.590032234375,82.854737984375
True,piano,18,72,82.590032234375,82.854737984375
True,piano,22,51,82.590032234375,83.384149484375
True,piano,18,56,82.590032234375,83.384149484375
True,piano,19,44,82.590032234375,83.384149484375
True,piano,15,48,82.590032234375,83.384149484375
True,piano,20,70,82.942973234375,83.29591423437499
True,piano,24,82,82.942973234375,83.29591423437499
True,piano,20,68,83.29591423437499,83.648855234375
True,piano,22,80,83.29591423437499,83.648855234375
True,piano,24,84,83.648855234375,84.00179623437499
True,piano,18,72,83.648855234375,84.00179623437499
True,piano,19,43,83.648855234375,84.442972484375
True,piano,18,55,83.648855234375,84.442972484375
True,piano,15,51,83.648855234375,84.442972484375
True,piano,15,46,83.648855234375,84.442972484375
True,piano,23,82,84.00179623437499,84.266501984375
True,piano,20,70,84.00179623437499,84.266501984375
True,piano,15,68,84.310619609375,84.48709010937499
True,piano,18,70,84.354737234375,84.707678234375
True,piano,16,65,84.707678234375,85.413560234375
True,piano,15,77,84.707678234375,85.413560234375
True,piano,22,48,84.707678234375,85.501795484375
True,piano,18,53,84.707678234375,85.501795484375
True,piano,19,41,84.707678234375,85.501795484375
True,piano,18,53,85.76650123437499,86.119442234375
True,piano,20,60,85.76650123437499,86.119442234375
True,piano,16,56,85.76650123437499,86.119442234375
True,piano,20,68,85.76650123437499,86.119442234375
True,piano,18,53,86.119442234375,86.472383234375
True,piano,17,67,86.119442234375,86.472383234375
True,piano,22,56,86.472383234375,86.82532423437499
True,piano,17,60,86.472383234375,86.82532423437499
True,piano,18,61,86.82532423437499,87.884147234375
True,piano,16,53,86.82532423437499,88.678264484375
True,piano,14,49,86.82532423437499,88.678264484375
True,piano,16,46,86.82532423437499,88.678264484375
True,piano,14,56,86.82532423437499,88.678264484375
True,piano,19,63,88.590029234375,88.94297023437501
True,piano,22,72,88.94297023437501,89.82532273437499
True,piano,14,61,88.94297023437501,90.795910484375
True,piano,16,58,88.94297023437501,90.795910484375
True,piano,16,51,88.94297023437501,90.795910484375
True,piano,14,55,88.94297023437501,90.795910484375
True,piano,13,70,90.001793234375,91.237086734375
True,piano,12,56,91.060616234375,91.854733484375
True,piano,14,60,91.060616234375,91.854733484375
True,piano,12,63,91.060616234375,91.854733484375
True,piano,14,53,91.060616234375,91.854733484375
True,piano,16,68,91.76649823437499,91.854733484375
True,piano,14,68,91.94296873437499,94.060614734375
True,piano,12,63,92.11943923437501,92.91355648437501
True,piano,14,60,92.11943923437501,92.91355648437501
True,piano,12,56,92.11943923437501,92.91355648437501
True,piano,14,53,92.11943923437501,92.91355648437501
True,piano,11,63,93.178262234375,93.972379484375
True,piano,12,60,93.178262234375,93.972379484375
True,piano,10,56,93.178262234375,93.972379484375
True,piano,12,53,93.178262234375,93.972379484375
True,piano,11,63,94.237085234375,95.031202484375
True,piano,12,60,94.237085234375,95.031202484375
True,piano,10,56,94.237085234375,95.031202484375
True,piano,12,53,94.237085234375,95.031202484375
True,piano,15,68,95.251790609375,95.604731609375
True,piano,16,72,95.295908234375,95.560613984375
True,piano,14,48,95.295908234375,95.648849234375
True,piano,16,41,95.295908234375,95.648849234375
True,piano,15,53,95.295908234375,95.648849234375
True,piano,16,68,95.648849234375,95.91355498437501
True,piano,17,72,95.648849234375,95.91355498437501
True,piano,14,48,95.648849234375,96.001790234375
True,piano,16,72,96.001790234375,96.090025484375
True,piano,14,53,96.001790234375,96.354731234375
True,piano,15,72,96.178260734375,96.619436984375
True,piano,14,53,96.354731234375,96.972377984375
True,piano,12,60,96.354731234375,96.972377984375
True,piano,12,56,96.354731234375,96.972377984375
True,piano,15,72,96.70767223437501,96.795907484375
True,piano,15,72,96.884142734375,97.148848484375
True,piano,13,53,97.060613234375,97.413554234375
True,piano,15,72,97.237083734375,97.59002473437499
True,piano,12,53,97.413554234375,97.766495234375
True,piano,12,56,97.413554234375,97.766495234375
True,piano,12,60,97.413554234375,97.766495234375
True,piano,15,70,97.766495234375,97.942965734375
True,piano,15,41,97.766495234375,98.11943623437499
True,piano,14,68,97.942965734375,98.648847734375
True,piano,11,53,98.11943623437499,98.472377234375
True,piano,12,60,98.472377234375,98.825318234375
True,piano,11,53,98.472377234375,98.825318234375
True,piano,11,56,98.472377234375,98.825318234375
True,piano,11,48,98.825318234375,99.442964984375
True,piano,15,70,99.17825923437499,99.354729734375
True,piano,16,72,99.354729734375,99.53120023437499
True,piano,15,73,99.53120023437499,99.97237648437499
True,piano,15,34,99.53120023437499,100.148846984375
True,piano,14,41,99.53120023437499,100.148846984375
True,piano,15,46,99.53120023437499,100.148846984375
True,piano,15,72,100.060611734375,100.237082234375
True,piano,15,70,100.237082234375,100.413552734375
True,piano,11,46,100.237082234375,100.590023234375
True,piano,14,72,100.413552734375,100.590023234375
True,piano,12,53,100.590023234375,101.11943473437499
True,piano,12,49,100.590023234375,101.11943473437499
True,piano,14,46,100.590023234375,101.11943473437499
True,piano,12,56,100.590023234375,101.11943473437499
True,piano,13,73,100.590023234375,101.384140484375
True,piano,11,46,101.29590523437498,101.648846234375
True,piano,12,46,101.648846234375,102.178257734375
True,piano,12,49,101.648846234375,102.178257734375
True,piano,12,53,101.648846234375,102.178257734375
True,piano,12,56,101.648846234375,102.178257734375
True,piano,11,61,101.648846234375,102.442963484375
True,piano,11,65,101.648846234375,102.442963484375
True,piano,11,70,101.648846234375,102.442963484375
True,piano,12,46,102.354728234375,102.70766923437499
True,piano,7,61,102.70766923437499,103.50178648437499
True,piano,7,65,102.70766923437499,103.50178648437499
True,piano,7,70,102.70766923437499,103.50178648437499
True,piano,12,46,102.70766923437499,103.590021734375
True,piano,12,49,102.70766923437499,103.590021734375
True,piano,13,53,102.70766923437499,103.590021734375
True,piano,13,56,102.70766923437499,103.590021734375
True,piano,15,63,103.70766873437499,104.060609734375
True,piano,16,70,103.766492234375,104.031197984375
True,piano,14,46,103.766492234375,104.119433234375
True,piano,15,51,103.766492234375,104.119433234375
True,piano,15,39,103.766492234375,104.119433234375
True,piano,15,70,104.119433234375,104.384138984375
True,piano,14,46,104.119433234375,104.47237423437501
True,piano,15,70,104.47237423437501,104.560609484375
True,piano,14,51,104.47237423437501,104.825315234375
True,piano,14,70,104.648844734375,105.09002098437499
True,piano,12,58,104.825315234375,105.442961984375
True,piano,12,61,104.825315234375,105.442961984375
True,piano,12,55,104.825315234375,105.442961984375
True,piano,14,51,104.825315234375,105.442961984375
True,piano,15,70,105.178256234375,105.26649148437501
True,piano,15,70,105.35472673437499,105.619432484375
True,piano,13,51,105.531197234375,105.88413823437499
True,piano,15,70,105.707667734375,106.14884398437499
True,piano,12,58,105.88413823437499,106.237079234375
True,piano,12,61,105.88413823437499,106.237079234375
True,piano,12,55,105.88413823437499,106.237079234375
True,piano,12,51,105.88413823437499,106.237079234375
True,piano,15,39,106.237079234375,106.590020234375
True,piano,12,63,106.237079234375,107.119431734375
True,piano,11,51,106.590020234375,106.94296123437499
True,piano,12,55,106.94296123437499,107.29590223437499
True,piano,13,61,106.94296123437499,107.29590223437499
True,piano,13,58,106.94296123437499,107.29590223437499
True,piano,12,51,106.94296123437499,107.29590223437499
True,piano,16,75,107.29590223437499,107.560607984375
True,piano,11,46,107.29590223437499,108.001784234375
True,piano,15,73,107.64884323437501,107.913548984375
True,piano,16,72,108.001784234375,108.53119573437499
True,piano,15,44,108.001784234375,108.619430984375
True,piano,14,39,108.001784234375,108.619430984375
True,piano,15,32,108.001784234375,108.619430984375
True,piano,15,70,108.53119573437499,108.707666234375
True,piano,15,68,108.707666234375,108.88413673437499
True,piano,14,48,108.707666234375,109.06060723437498
True,piano,14,70,108.88413673437499,109.06060723437498
True,piano,12,48,109.06060723437498,109.67825398437499
True,piano,12,51,109.06060723437498,109.67825398437499
True,piano,14,44,109.06060723437498,109.67825398437499
True,piano,12,56,109.06060723437498,109.67825398437499
True,piano,13,72,109.06060723437498,109.85472448437501
True,piano,13,48,109.766489234375,110.119430234375
True,piano,12,60,110.119430234375,110.737076984375
True,piano,12,56,110.119430234375,110.737076984375
True,piano,12,48,110.119430234375,110.737076984375
True,piano,12,51,110.119430234375,110.737076984375
True,piano,10,63,110.119430234375,110.913547484375
True,piano,10,68,110.119430234375,110.913547484375
True,piano,11,48,110.825312234375,111.178253234375
True,piano,7,60,111.178253234375,111.972370484375
True,piano,7,63,111.178253234375,111.972370484375
True,piano,7,68,111.178253234375,111.972370484375
True,piano,13,56,111.178253234375,112.06060573437499
True,piano,12,48,111.178253234375,112.06060573437499
True,piano,13,51,111.178253234375,112.06060573437499
True,piano,12,44,111.178253234375,112.06060573437499
True,piano,16,68,112.23707623437501,112.501781984375
True,piano,16,72,112.23707623437501,112.501781984375
True,piano,15,53,112.23707623437501,112.590017234375
True,piano,15,41,112.23707623437501,112.590017234375
True,piano,14,48,112.23707623437501,112.590017234375
True,piano,16,72,112.590017234375,112.85472298437499
True,piano,14,48,112.590017234375,112.942958234375
True,piano,16,72,112.942958234375,113.207663984375
True,piano,14,53,112.942958234375,113.295899234375
True,piano,16,72,113.295899234375,113.737075484375
True,piano,14,53,113.295899234375,113.91354598437499
True,piano,12,60,113.295899234375,113.91354598437499
True,piano,12,56,113.295899234375,113.91354598437499
True,piano,16,72,113.82531073437501,113.91354598437499
True,piano,15,72,114.001781234375,114.26648698437499
True,piano,13,53,114.001781234375,114.354722234375
True,piano,12,60,114.354722234375,114.70766323437499
True,piano,12,53,114.354722234375,114.70766323437499
True,piano,12,56,114.354722234375,114.70766323437499
True,piano,15,72,114.354722234375,114.70766323437499
True,piano,14,70,114.70766323437499,114.884133734375
True,piano,15,41,114.70766323437499,115.06060423437499
True,piano,13,68,114.884133734375,115.325309984375
True,piano,11,53,115.06060423437499,115.41354523437501
True,piano,16,77,115.41354523437501,115.678250984375
True,piano,16,65,115.41354523437501,115.678250984375
True,piano,11,56,115.41354523437501,115.766486234375
True,piano,12,60,115.41354523437501,115.766486234375
True,piano,11,53,115.41354523437501,115.766486234375
True,piano,16,79,115.766486234375,116.03119198437498
True,piano,16,67,115.766486234375,116.03119198437498
True,piano,11,48,115.766486234375,116.384132984375
True,piano,14,68,116.119427234375,116.384132984375
True,piano,14,80,116.119427234375,116.384132984375
True,piano,15,73,116.472368234375,116.913544484375
True,piano,14,41,116.472368234375,117.09001498437499
True,piano,15,34,116.472368234375,117.09001498437499
True,piano,15,46,116.472368234375,117.09001498437499
True,piano,15,72,117.001779734375,117.178250234375
True,piano,15,70,117.178250234375,117.354720734375
True,piano,11,46,117.178250234375,117.531191234375
True,piano,14,72,117.354720734375,117.531191234375
True,piano,12,53,117.531191234375,118.148837984375
True,piano,12,49,117.531191234375,118.148837984375
True,piano,14,46,117.531191234375,118.148837984375
True,piano,12,56,117.531191234375,118.148837984375
True,piano,13,73,117.531191234375,118.325308484375
True,piano,11,46,118.23707323437499,118.590014234375
True,piano,12,56,118.590014234375,119.20766098437501
True,piano,12,53,118.590014234375,119.20766098437501
True,piano,12,49,118.590014234375,119.20766098437501
True,piano,12,46,118.590014234375,119.20766098437501
True,piano,11,65,118.590014234375,119.384131484375
True,piano,11,68,118.590014234375,119.384131484375
True,piano,11,61,118.590014234375,119.384131484375
True,piano,12,46,119.295896234375,119.648837234375
True,piano,9,61,119.648837234375,120.442954484375
True,piano,9,65,119.648837234375,120.442954484375
True,piano,9,68,119.648837234375,120.442954484375
True,piano,12,46,119.648837234375,120.531189734375
True,piano,12,49,119.648837234375,120.531189734375
True,piano,13,53,119.648837234375,120.531189734375
True,piano,13,56,119.648837234375,120.531189734375
True,piano,16,70,120.707660234375,120.972365984375
True,piano,15,51,120.707660234375,121.060601234375
True,piano,14,46,120.707660234375,121.060601234375
True,piano,15,39,120.707660234375,121.060601234375
True,piano,15,70,121.060601234375,121.325306984375
True,piano,14,46,121.060601234375,121.41354223437499
True,piano,15,70,121.41354223437499,121.67824798437499
True,piano,14,51,121.41354223437499,121.766483234375
True,piano,14,70,121.766483234375,122.03118898437499
True,piano,12,58,121.766483234375,122.38412998437501
True,piano,12,61,121.766483234375,122.38412998437501
True,piano,12,55,121.766483234375,122.38412998437501
True,piano,14,51,121.766483234375,122.38412998437501
True,piano,15,70,122.119424234375,122.20765948437499
True,piano,15,70,122.295894734375,122.737070984375
True,piano,13,51,122.47236523437499,122.82530623437499
True,piano,12,55,122.82530623437499,123.17824723437501
True,piano,12,61,122.82530623437499,123.17824723437501
True,piano,12,58,122.82530623437499,123.17824723437501
True,piano,12,51,122.82530623437499,123.17824723437501
True,piano,15,70,122.82530623437499,123.354717734375
True,piano,15,39,123.17824723437501,123.531188234375
True,piano,12,63,123.354717734375,123.884129234375
True,piano,11,51,123.531188234375,123.884129234375
True,piano,12,55,123.884129234375,124.237070234375
True,piano,13,61,123.884129234375,124.237070234375
True,piano,13,58,123.884129234375,124.237070234375
True,piano,12,51,123.884129234375,124.237070234375
True,piano,16,82,123.884129234375,124.237070234375
True,piano,16,70,123.884129234375,124.237070234375
True,piano,17,84,124.237070234375,124.41354073437499
True,piano,17,72,124.237070234375,124.41354073437499
True,piano,11,46,124.237070234375,124.942952234375
True,piano,15,73,124.41354073437499,124.85471698437499
True,piano,15,85,124.41354073437499,124.85471698437499
True,piano,15,32,124.942952234375,125.560598984375
True,piano,14,39,124.942952234375,125.560598984375
True,piano,15,44,124.942952234375,125.560598984375
True,piano,14,72,124.942952234375,125.913539984375
True,piano,14,84,124.942952234375,125.913539984375
True,piano,14,48,125.648834234375,126.00177523437499
True,piano,12,56,126.00177523437499,126.619421984375
True,piano,12,48,126.00177523437499,126.619421984375
True,piano,12,51,126.00177523437499,126.619421984375
True,piano,14,44,126.00177523437499,126.619421984375
True,piano,14,82,126.354716234375,126.619421984375
True,piano,14,70,126.354716234375,126.619421984375
True,piano,14,68,126.707657234375,126.97236298437501
True,piano,14,80,126.707657234375,126.97236298437501
True,piano,13,48,126.707657234375,127.060598234375
True,piano,12,55,127.060598234375,127.678244984375
True,piano,12,51,127.060598234375,127.678244984375
True,piano,12,48,127.060598234375,127.678244984375
True,piano,12,43,127.060598234375,127.678244984375
True,piano,12,67,127.060598234375,128.207656484375
True,piano,12,60,127.060598234375,128.207656484375
True,piano,12,63,127.060598234375,128.207656484375
True,piano,11,48,127.76648023437501,128.11942123437498
True,piano,13,55,128.11942123437498,129.090008984375
True,piano,12,43,128.11942123437498,129.090008984375
True,piano,12,48,128.11942123437498,129.090008984375
True,piano,13,51,128.11942123437498,129.090008984375
True,piano,15,68,128.472362234375,128.737067984375
True,piano,15,67,128.825303234375,129.178244234375
True,piano,15,65,129.178244234375,129.884126234375
True,piano,14,53,129.178244234375,132.001772234375
True,piano,12,58,129.178244234375,132.001772234375
True,piano,12,49,129.178244234375,132.001772234375
True,piano,13,46,129.178244234375,132.001772234375
True,piano,15,67,130.237067234375,131.031184484375
True,piano,16,68,131.29589023437498,132.442948484375
True,piano,12,67,133.41353623437502,134.384123984375
True,piano,15,65,133.41353623437502,134.384123984375
True,piano,12,63,133.41353623437502,135.266476484375
True,piano,12,58,133.41353623437502,135.266476484375
True,piano,12,51,133.41353623437502,135.266476484375
True,piano,11,55,133.41353623437502,135.266476484375
True,piano,13,68,134.472359234375,135.354711734375
True,piano,16,67,134.472359234375,135.354711734375
True,piano,14,68,135.450299921875,136.0688657890625
True,piano,15,72,135.4806307890625,136.18743190625
True,piano,16,73,135.5321013515625,136.68007871875
True,piano,9,61,135.5321013515625,137.29772546875
True,piano,7,55,135.5321013515625,137.29772546875
True,piano,10,51,135.5321013515625,137.29772546875
True,piano,9,58,135.5321013515625,137.29772546875
True,piano,20,72,136.94478446875,137.20949021875
True,piano,18,65,136.94478446875,137.20949021875
True,piano,16,72,137.29772546875,137.56243121875
True,piano,17,65,137.29772546875,137.56243121875
True,piano,19,65,137.65066646875,138.26831321875
True,piano,21,73,137.65066646875,138.26831321875
True,piano,19,41,137.65066646875,138.53301896874999
True,piano,22,46,137.65066646875,138.53301896874999
True,piano,18,49,137.65066646875,138.53301896874999
True,piano,18,65,138.35654846875,138.62125421875
True,piano,18,73,138.35654846875,138.62125421875
True,piano,20,73,138.70948946874998,138.88595996875
True,piano,23,65,138.70948946874998,138.88595996875
True,piano,20,53,138.70948946874998,139.06243046875
True,piano,16,49,138.70948946874998,139.06243046875
True,piano,15,56,138.70948946874998,139.06243046875
True,piano,18,46,138.70948946874998,139.06243046875
True,piano,18,72,138.88595996875,139.06243046875
True,piano,18,49,139.06243046875,139.41537146875
True,piano,14,70,139.06243046875,139.59184196875
True,piano,22,53,139.41537146875,139.76831246875
True,piano,19,73,139.76831246875,140.29772396875
True,piano,18,65,139.76831246875,140.29772396875
True,piano,19,46,139.76831246875,140.47419446875
True,piano,20,51,139.76831246875,140.47419446875
True,piano,18,55,139.76831246875,140.47419446875
True,piano,20,73,140.47419446875,140.73890021875
True,piano,19,65,140.47419446875,140.73890021875
True,piano,16,55,140.82713546875001,141.18007646875
True,piano,15,61,140.82713546875001,141.18007646875
True,piano,20,58,140.82713546875001,141.18007646875
True,piano,18,51,140.82713546875001,141.18007646875
True,piano,22,65,140.82713546875001,141.18007646875
True,piano,20,73,140.82713546875001,141.18007646875
True,piano,18,51,141.18007646875,141.53301746875
True,piano,20,70,141.18007646875,141.53301746875
True,piano,18,65,141.53301746875,141.79772321875
True,piano,18,72,141.53301746875,141.79772321875
True,piano,22,55,141.53301746875,141.88595846875
True,piano,20,72,141.88595846875,142.50360521874998
True,piano,19,65,141.88595846875,142.50360521874998
True,piano,19,44,141.88595846875,142.76831096875
True,piano,22,51,141.88595846875,142.76831096875
True,piano,19,48,141.88595846875,142.76831096875
True,piano,18,56,141.88595846875,142.76831096875
True,piano,21,75,142.59184046875,142.94478146875
True,piano,21,63,142.59184046875,142.94478146875
True,piano,20,72,142.94478146875,143.56242821875
True,piano,21,84,142.94478146875,143.56242821875
True,piano,15,51,142.94478146875,143.82713396875
True,piano,18,55,142.94478146875,143.82713396875
True,piano,15,46,142.94478146875,143.82713396875
True,piano,19,43,142.94478146875,143.82713396875
True,piano,18,68,143.65066346875,144.00360446875
True,piano,20,80,143.65066346875,144.00360446875
True,piano,20,70,144.00360446875,144.35654546875
True,piano,20,82,144.00360446875,144.35654546875
True,piano,22,48,144.00360446875,144.88595696874998
True,piano,18,53,144.00360446875,144.88595696874998
True,piano,19,41,144.00360446875,144.88595696874998
True,piano,17,68,144.35654546875,144.70948646875
True,piano,18,65,144.45213365625,145.15801565625
True,piano,20,60,145.06242746875,145.41536846875
True,piano,16,56,145.06242746875,145.41536846875
True,piano,18,53,145.06242746875,145.41536846875
True,piano,20,72,145.41536846875,145.68007421874998
True,piano,18,65,145.41536846875,145.68007421874998
True,piano,18,53,145.41536846875,145.76830946875
True,piano,17,65,145.76830946875,146.03301521875
True,piano,16,72,145.76830946875,146.03301521875
True,piano,22,56,145.76830946875,146.12125046875
True,piano,21,73,146.12125046875,146.65066196875
True,piano,19,65,146.12125046875,146.65066196875
True,piano,22,46,146.12125046875,147.00360296875002
True,piano,19,41,146.12125046875,147.00360296875002
True,piano,18,49,146.12125046875,147.00360296875002
True,piano,18,65,146.82713246875,147.09183821874998
True,piano,18,73,146.82713246875,147.09183821874998
True,piano,15,56,147.18007346875,147.53301446875
True,piano,16,49,147.18007346875,147.53301446875
True,piano,20,53,147.18007346875,147.53301446875
True,piano,18,46,147.18007346875,147.53301446875
True,piano,20,73,147.18007346875,147.53301446875
True,piano,23,65,147.18007346875,147.53301446875
True,piano,18,49,147.53301446875,147.88595546874998
True,piano,18,70,147.53301446875,147.88595546874998
True,piano,20,73,147.88595546874998,147.97419071875
True,piano,22,53,147.88595546874998,148.23889646875
True,piano,19,73,148.06242596875,148.68007271874998
True,piano,18,55,148.23889646875,149.12124896875
True,piano,20,51,148.23889646875,149.12124896875
True,piano,19,46,148.23889646875,149.12124896875
True,piano,19,65,149.12124896875,149.20948421875
True,piano,20,73,149.12124896875,149.20948421875
True,piano,18,51,149.29771946875,149.65066046875
True,piano,20,58,149.29771946875,149.65066046875
True,piano,15,61,149.29771946875,149.65066046875
True,piano,16,55,149.29771946875,149.65066046875
True,piano,22,65,149.29771946875,149.65066046875
True,piano,20,73,149.29771946875,149.65066046875
True,piano,18,51,149.65066046875,150.00360146875
True,piano,18,75,149.65066046875,150.00360146875
True,piano,20,77,150.00360146875,150.26830721874998
True,piano,22,55,150.00360146875,150.35654246875
True,piano,19,65,150.35654246875,150.97418921875
True,piano,20,72,150.35654246875,150.97418921875
True,piano,22,51,150.35654246875,151.23889496875
True,piano,18,56,150.35654246875,151.23889496875
True,piano,19,44,150.35654246875,151.23889496875
True,piano,15,48,150.35654246875,151.23889496875
True,piano,21,63,151.06242446874998,151.41536546875
True,piano,21,75,151.06242446874998,151.41536546875
True,piano,21,84,151.41536546875,151.94477696875
True,piano,20,72,151.41536546875,151.94477696875
True,piano,18,55,151.41536546875,152.29771796875
True,piano,19,43,151.41536546875,152.29771796875
True,piano,15,51,151.41536546875,152.29771796875
True,piano,15,46,151.41536546875,152.29771796875
True,piano,20,80,152.12124746875,152.47418846875
True,piano,18,68,152.12124746875,152.47418846875
True,piano,20,82,152.47418846875,152.82712946875
True,piano,20,70,152.47418846875,152.82712946875
True,piano,18,53,152.47418846875,153.35654096875
True,piano,22,48,152.47418846875,153.35654096875
True,piano,19,41,152.47418846875,153.35654096875
True,piano,17,68,152.82712946875,153.00359996875
True,piano,18,65,152.92271765625,153.62859965625
True,piano,20,60,153.53301146875,153.88595246875
True,piano,18,53,153.53301146875,153.88595246875
True,piano,16,56,153.53301146875,153.88595246875
True,piano,18,53,153.88595246875,154.23889346874998
True,piano,21,67,153.88595246875,154.23889346874998
True,piano,21,79,153.88595246875,154.23889346874998
True,piano,22,56,154.23889346874998,154.59183446875
True,piano,21,80,154.23889346874998,154.59183446875
True,piano,21,68,154.23889346874998,154.59183446875
True,piano,19,65,154.59183446875,155.29771646875
True,piano,19,77,154.59183446875,155.29771646875
True,piano,19,41,154.59183446875,155.47418696875
True,piano,22,46,154.59183446875,155.47418696875
True,piano,18,49,154.59183446875,155.47418696875
True,piano,21,77,155.65065746874998,155.82712796875
True,piano,21,65,155.65065746874998,155.82712796875
True,piano,15,56,155.65065746874998,156.00359846875
True,piano,16,49,155.65065746874998,156.00359846875
True,piano,20,53,155.65065746874998,156.00359846875
True,piano,18,46,155.65065746874998,156.00359846875
True,piano,22,67,155.82712796875,156.18006896875
True,piano,22,79,155.82712796875,156.18006896875
True,piano,18,49,156.00359846875,156.35653946875001
True,piano,19,68,156.18006896875,156.62124521875
True,piano,19,80,156.18006896875,156.62124521875
True,piano,22,53,156.35653946875001,156.70948046875
True,piano,18,67,156.70948046875,157.41536246875
True,piano,18,79,156.70948046875,157.41536246875
True,piano,18,55,156.70948046875,157.59183296875
True,piano,20,51,156.70948046875,157.59183296875
True,piano,19,46,156.70948046875,157.59183296875
True,piano,22,79,157.76830346875,158.03300921874998
True,piano,18,67,157.76830346875,158.03300921874998
True,piano,15,61,157.76830346875,158.12124446875
True,piano,16,55,157.76830346875,158.12124446875
True,piano,20,58,157.76830346875,158.12124446875
True,piano,18,51,157.76830346875,158.12124446875
True,piano,19,68,158.12124446875,158.38595021875
True,piano,22,80,158.12124446875,158.38595021875
True,piano,18,51,158.12124446875,158.47418546875
True,piano,22,55,158.47418546875,158.82712646874998
True,piano,22,82,158.47418546875,158.82712646874998
True,piano,20,70,158.47418546875,158.82712646874998
True,piano,22,84,158.82712646874998,159.09183221875
True,piano,18,72,158.82712646874998,159.09183221875
True,piano,18,56,158.82712646874998,159.70947896875
True,piano,19,44,158.82712646874998,159.70947896875
True,piano,22,51,158.82712646874998,159.70947896875
True,piano,15,48,158.82712646874998,159.70947896875
True,piano,24,82,159.18006746875,159.44477321875
True,piano,20,70,159.18006746875,159.44477321875
True,piano,20,68,159.53300846875,159.79771421875
True,piano,22,80,159.53300846875,159.79771421875
True,piano,24,84,159.88594946875,160.15065521875
True,piano,18,72,159.88594946875,160.15065521875
True,piano,18,55,159.88594946875,160.76830196875
True,piano,15,51,159.88594946875,160.76830196875
True,piano,15,46,159.88594946875,160.76830196875
True,piano,19,43,159.88594946875,160.76830196875
True,piano,20,70,160.23889046875,160.50359621875
True,piano,23,82,160.23889046875,160.50359621875
True,piano,15,68,160.54771384375,160.63594909374999
True,piano,18,70,160.59183146875,160.94477246875
True,piano,15,77,160.94477246875,161.73888971875
True,piano,16,65,160.94477246875,161.73888971875
True,piano,22,48,160.94477246875,162.70947746875
True,piano,18,53,160.94477246875,162.70947746875
True,piano,19,41,160.94477246875,162.70947746875
True,piano,16,44,160.94477246875,162.70947746875
True,piano,20,68,162.00359546874998,162.35653646875
True,piano,17,67,162.35653646875,162.70947746875
True,piano,17,60,162.70947746875,163.06241846875
True,piano,18,61,163.06241846875,164.29771196875
True,piano,16,53,163.06241846875,164.82712346875
True,piano,14,56,163.06241846875,164.82712346875
True,piano,16,46,163.06241846875,164.82712346875
True,piano,14,49,163.06241846875,164.82712346875
True,piano,19,63,164.82712346875,165.18006446875
True,piano,22,72,165.18006446875,166.06241696875
True,piano,16,58,165.18006446875,166.94476946875
True,piano,14,61,165.18006446875,166.94476946875
True,piano,14,55,165.18006446875,166.94476946875
True,piano,16,51,165.18006446875,166.94476946875
True,piano,13,70,166.23888746875,167.56241621875
True,piano,18,49,167.29771046875,168.18006296874998
True,piano,19,41,167.29771046875,168.18006296874998
True,piano,22,46,167.29771046875,168.18006296874998
True,piano,18,68,168.00359246874999,168.09182771875
True,piano,15,68,168.18006296874998,170.03300321875
True,piano,18,46,168.35653346875,168.70947446875
True,piano,20,53,168.35653346875,168.70947446875
True,piano,16,49,168.35653346875,168.70947446875
True,piano,15,56,168.35653346875,168.70947446875
True,piano,18,49,168.70947446875,169.06241546875
True,piano,22,53,169.06241546875,169.41535646875
True,piano,18,55,169.41535646875,170.29770896875002
True,piano,19,46,169.41535646875,170.29770896875002
True,piano,20,51,169.41535646875,170.29770896875002
True,piano,20,58,170.47417946875,170.82712046875
True,piano,15,61,170.47417946875,170.82712046875
True,piano,16,55,170.47417946875,170.82712046875
True,piano,18,51,170.47417946875,170.82712046875
True,piano,20,68,170.47417946875,171.00359096875
True,piano,19,80,170.47417946875,171.00359096875
True,piano,18,51,170.82712046875,171.18006146874998
True,piano,22,55,171.18006146874998,171.53300246874997
True,piano,18,67,171.18006146874998,171.53300246874997
True,piano,20,79,171.18006146874998,171.53300246874997
True,piano,14,63,171.53300246874997,172.23888446875
True,piano,14,68,171.53300246874997,172.23888446875
True,piano,19,60,171.53300246874997,172.23888446875
True,piano,19,44,171.53300246874997,172.41535496875
True,piano,19,48,171.53300246874997,172.41535496875
True,piano,18,56,171.53300246874997,172.41535496875
True,piano,22,51,171.53300246874997,172.41535496875
True,piano,20,63,172.59182546875,172.94476646875
True,piano,18,56,172.59182546875,172.94476646875
True,piano,22,58,172.59182546875,172.94476646875
True,piano,16,70,172.59182546875,174.09182471875
True,piano,18,75,172.59182546875,174.09182471875
True,piano,16,68,172.59182546875,174.09182471875
True,piano,20,56,172.94476646875,173.29770746875
True,piano,20,51,173.29770746875,173.65064846874998
True,piano,22,48,173.65064846874998,174.53300096875
True,piano,18,53,173.65064846874998,174.53300096875
True,piano,19,41,173.65064846874998,174.53300096875
True,piano,18,53,174.70947146875002,175.06241246875
True,piano,16,56,174.70947146875002,175.06241246875
True,piano,20,60,174.70947146875002,175.06241246875
True,piano,15,65,174.70947146875002,175.50358871875002
True,piano,15,68,174.70947146875002,175.50358871875002
True,piano,15,72,174.70947146875002,175.50358871875002
True,piano,18,53,175.06241246875,175.41535346875
True,piano,22,56,175.41535346875,175.76829446875
True,piano,18,61,175.76829446875,176.56241171875
True,piano,20,73,175.76829446875,176.56241171875
True,piano,18,49,175.76829446875,176.65064696875
True,piano,19,41,175.76829446875,176.65064696875
True,piano,22,46,175.76829446875,176.65064696875
True,piano,15,56,176.82711746875,177.18005846875
True,piano,16,49,176.82711746875,177.18005846875
True,piano,20,53,176.82711746875,177.18005846875
True,piano,18,46,176.82711746875,177.18005846875
True,piano,16,73,176.82711746875,177.18005846875
True,piano,16,61,176.82711746875,177.18005846875
True,piano,18,49,177.18005846875,177.53299946874998
True,piano,16,63,177.18005846875,177.53299946874998
True,piano,16,75,177.18005846875,177.53299946874998
True,piano,22,53,177.53299946874998,177.88594046875002
True,piano,16,65,177.53299946874998,177.88594046875002
True,piano,16,77,177.53299946874998,177.88594046875002
True,piano,15,75,177.88594046875002,178.59182246875
True,piano,15,63,177.88594046875002,178.59182246875
True,piano,19,46,177.88594046875002,178.76829296875
True,piano,18,55,177.88594046875002,178.76829296875
True,piano,20,51,177.88594046875002,178.76829296875
True,piano,16,55,178.94476346875,179.29770446875
True,piano,15,61,178.94476346875,179.29770446875
True,piano,20,58,178.94476346875,179.29770446875
True,piano,18,51,178.94476346875,179.29770446875
True,piano,19,68,178.94476346875,179.56241021875
True,piano,21,80,178.94476346875,179.56241021875
True,piano,18,51,179.29770446875,179.65064546874999
True,piano,22,55,179.65064546874999,180.00358646875
True,piano,17,67,179.65064546874999,180.00358646875
True,piano,20,79,179.65064546874999,180.00358646875
True,piano,19,44,180.00358646875,180.88593896875
True,piano,15,48,180.00358646875,180.88593896875
True,piano,18,56,180.00358646875,180.88593896875
True,piano,22,51,180.00358646875,180.88593896875
True,piano,20,72,180.00358646875,180.88593896875
True,piano,19,60,180.00358646875,180.88593896875
True,piano,19,43,181.06240946875002,181.94476196875
True,piano,15,46,181.06240946875002,181.94476196875
True,piano,15,51,181.06240946875002,181.94476196875
True,piano,18,55,181.06240946875002,181.94476196875
True,piano,16,63,181.06240946875002,181.94476196875
True,piano,18,75,181.06240946875002,181.94476196875
True,piano,16,41,182.12123246875,182.47417346875
True,piano,13,45,182.12123246875,182.47417346875
True,piano,13,48,182.12123246875,182.47417346875
True,piano,15,53,182.12123246875,182.47417346875
True,piano,15,65,182.12123246875,183.26829071875
True,piano,14,77,182.12123246875,183.26829071875
True,piano,16,48,182.47417346875,182.82711446874998
True,piano,16,53,182.82711446874998,183.18005546875
True,piano,14,53,183.18005546875,183.53299646874999
True,piano,17,60,183.18005546875,183.53299646874999
True,piano,17,57,183.18005546875,183.53299646874999
True,piano,20,72,183.53299646874999,183.79770221875
True,piano,18,65,183.53299646874999,183.79770221875
True,piano,14,53,183.53299646874999,183.88593746874997
True,piano,16,72,183.88593746874997,184.15064321875
True,piano,17,65,183.88593746874997,184.15064321875
True,piano,14,48,183.88593746874997,184.23887846875002
True,piano,21,73,184.23887846875002,184.76828996875
True,piano,19,65,184.23887846875002,184.76828996875
True,piano,19,41,184.23887846875002,185.12123096874998
True,piano,22,46,184.23887846875002,185.12123096874998
True,piano,18,49,184.23887846875002,185.12123096874998
True,piano,18,65,184.94476046875,185.20946621874998
True,piano,18,73,184.94476046875,185.20946621874998
True,piano,20,73,185.29770146875,185.47417196874997
True,piano,23,65,185.29770146875,185.47417196874997
True,piano,16,49,185.29770146875,185.65064246875
True,piano,20,53,185.29770146875,185.65064246875
True,piano,18,46,185.29770146875,185.65064246875
True,piano,15,56,185.29770146875,185.65064246875
True,piano,18,72,185.47417196874997,185.65064246875
True,piano,18,49,185.65064246875,186.00358346874998
True,piano,14,70,185.65064246875,186.18005396875
True,piano,22,53,186.00358346874998,186.35652446875
True,piano,18,65,186.35652446875,186.88593596875
True,piano,19,73,186.35652446875,186.88593596875
True,piano,19,46,186.35652446875,187.23887696875
True,piano,20,51,186.35652446875,187.23887696875
True,piano,18,55,186.35652446875,187.23887696875
True,piano,19,65,187.06240646874997,187.32711221875
True,piano,20,73,187.06240646874997,187.32711221875
True,piano,16,55,187.41534746875,187.76828846875
True,piano,15,61,187.41534746875,187.76828846875
True,piano,20,58,187.41534746875,187.76828846875
True,piano,18,51,187.41534746875,187.76828846875
True,piano,22,65,187.41534746875,187.76828846875
True,piano,20,73,187.41534746875,187.76828846875
True,piano,18,51,187.76828846875,188.12122946875
True,piano,20,70,187.76828846875,188.12122946875
True,piano,18,65,188.12122946875,188.38593521874998
True,piano,18,72,188.12122946875,188.38593521874998
True,piano,22,55,188.12122946875,188.47417046875
True,piano,19,65,188.47417046875,189.00358196875
True,piano,20,72,188.47417046875,189.00358196875
True,piano,19,48,188.47417046875,189.35652296875
True,piano,22,51,188.47417046875,189.35652296875
True,piano,18,56,188.47417046875,189.35652296875
True,piano,19,44,188.47417046875,189.35652296875
True,piano,21,75,189.18005246875,189.53299346875
True,piano,21,63,189.18005246875,189.53299346875
True,piano,20,72,189.53299346875,190.06240496875
True,piano,21,84,189.53299346875,190.06240496875
True,piano,18,55,189.53299346875,190.41534596875
True,piano,15,51,189.53299346875,190.41534596875
True,piano,15,46,189.53299346875,190.41534596875
True,piano,19,43,189.53299346875,190.41534596875
True,piano,18,68,190.23887546875002,190.59181646875
True,piano,20,80,190.23887546875002,190.59181646875
True,piano,20,70,190.59181646875,190.94475746875
True,piano,20,82,190.59181646875,190.94475746875
True,piano,19,41,190.59181646875,191.47416896874998
True,piano,22,48,190.59181646875,191.47416896874998
True,piano,18,53,190.59181646875,191.47416896874998
True,piano,17,68,190.94475746875,191.03299271875002
True,piano,18,65,191.04034565625,191.65799240624997
True,piano,20,60,191.65063946875,192.00358046875
True,piano,16,56,191.65063946875,192.00358046875
True,piano,18,53,191.65063946875,192.00358046875
True,piano,20,72,192.00358046875,192.26828621874998
True,piano,18,65,192.00358046875,192.26828621874998
True,piano,18,53,192.00358046875,192.35652146875
True,piano,17,65,192.35652146875,192.62122721875002
True,piano,16,72,192.35652146875,192.62122721875002
True,piano,22,56,192.35652146875,192.70946246875
True,piano,19,65,192.70946246875,193.23887396875
True,piano,21,73,192.70946246875,193.23887396875
True,piano,19,41,192.70946246875,193.59181496875
True,piano,22,46,192.70946246875,193.59181496875
True,piano,18,49,192.70946246875,193.59181496875
True,piano,18,65,193.41534446875002,193.68005021875
True,piano,18,73,193.41534446875002,193.68005021875
True,piano,18,46,193.76828546875,194.12122646875
True,piano,20,53,193.76828546875,194.12122646875
True,piano,16,49,193.76828546875,194.12122646875
True,piano,15,56,193.76828546875,194.12122646875
True,piano,20,73,193.76828546875,194.12122646875
True,piano,23,65,193.76828546875,194.12122646875
True,piano,18,49,194.12122646875,194.47416746875
True,piano,18,70,194.12122646875,194.47416746875
True,piano,20,73,194.47416746875,194.56240271875
True,piano,22,53,194.47416746875,194.82710846875
True,piano,19,73,194.65063796874998,195.26828471875
True,piano,20,51,194.82710846875,195.70946096875
True,piano,18,55,194.82710846875,195.70946096875
True,piano,19,46,194.82710846875,195.70946096875
True,piano,19,65,195.70946096875,195.79769621875002
True,piano,20,73,195.70946096875,195.79769621875002
True,piano,18,51,195.88593146875,196.23887246874997
True,piano,20,58,195.88593146875,196.23887246874997
True,piano,15,61,195.88593146875,196.23887246874997
True,piano,16,55,195.88593146875,196.23887246874997
True,piano,22,65,195.88593146875,196.23887246874997
True,piano,20,73,195.88593146875,196.23887246874997
True,piano,18,51,196.23887246874997,196.59181346875002
True,piano,18,75,196.23887246874997,196.59181346875002
True,piano,22,55,196.59181346875002,196.94475446875
True,piano,20,77,196.59181346875002,196.94475446875
True,piano,20,72,196.94475446875,197.56240121874998
True,piano,19,65,196.94475446875,197.56240121874998
True,piano,15,48,196.94475446875,197.82710696874997
True,piano,19,44,196.94475446875,197.82710696874997
True,piano,18,56,196.94475446875,197.82710696874997
True,piano,22,51,196.94475446875,197.82710696874997
True,piano,21,63,197.65063646875,198.00357746875
True,piano,21,75,197.65063646875,198.00357746875
True,piano,21,84,198.00357746875,198.53298896875
True,piano,20,72,198.00357746875,198.53298896875
True,piano,15,46,198.00357746875,198.88592996875
True,piano,15,51,198.00357746875,198.88592996875
True,piano,18,55,198.00357746875,198.88592996875
True,piano,19,43,198.00357746875,198.88592996875
True,piano,20,80,198.70945946875,199.06240046874998
True,piano,18,68,198.70945946875,199.06240046874998
True,piano,20,82,199.06240046874998,199.41534146874997
True,piano,20,70,199.06240046874998,199.41534146874997
True,piano,22,48,199.06240046874998,199.94475296874998
True,piano,19,41,199.06240046874998,199.94475296874998
True,piano,18,53,199.06240046874998,199.94475296874998
True,piano,17,68,199.41534146874997,199.50357671875
True,piano,18,65,199.51092965625,200.04034115624998
True,piano,16,56,200.12122346875,200.47416446875
True,piano,20,60,200.12122346875,200.47416446875
True,piano,18,53,200.12122346875,200.47416446875
True,piano,18,53,200.47416446875,200.82710546875
True,piano,21,67,200.47416446875,200.82710546875
True,piano,21,79,200.47416446875,200.82710546875
True,piano,22,56,200.82710546875,201.18004646875
True,piano,21,80,200.82710546875,201.18004646875
True,piano,21,68,200.82710546875,201.18004646875
True,piano,19,65,201.18004646875,201.88592846875
True,piano,19,77,201.18004646875,201.88592846875
True,piano,19,41,201.18004646875,202.06239896875
True,piano,22,46,201.18004646875,202.06239896875
True,piano,18,49,201.18004646875,202.06239896875
True,piano,21,77,202.23886946874998,202.41533996875
True,piano,21,65,202.23886946874998,202.41533996875
True,piano,15,56,202.23886946874998,202.59181046874997
True,piano,16,49,202.23886946874998,202.59181046874997
True,piano,20,53,202.23886946874998,202.59181046874997
True,piano,18,46,202.23886946874998,202.59181046874997
True,piano,22,67,202.41533996875,202.76828096875
True,piano,22,79,202.41533996875,202.76828096875
True,piano,18,49,202.59181046874997,202.94475146875
True,piano,19,68,202.76828096875,203.20945721875
True,piano,19,80,202.76828096875,203.20945721875
True,piano,22,53,202.94475146875,203.29769246875
True,piano,18,79,203.29769246875,203.91533921874998
True,piano,18,67,203.29769246875,203.91533921874998
True,piano,18,55,203.29769246875,204.18004496874997
True,piano,20,51,203.29769246875,204.18004496874997
True,piano,19,46,203.29769246875,204.18004496874997
True,piano,22,79,204.35651546875,204.62122121874998
True,piano,18,67,204.35651546875,204.62122121874998
True,piano,15,61,204.35651546875,204.70945646875
True,piano,16,55,204.35651546875,204.70945646875
True,piano,20,58,204.35651546875,204.70945646875
True,piano,18,51,204.35651546875,204.70945646875
True,piano,19,68,204.70945646875,204.97416221875002
True,piano,22,80,204.70945646875,204.97416221875002
True,piano,18,51,204.70945646875,205.06239746875
True,piano,22,82,205.06239746875,205.32710321875
True,piano,20,70,205.06239746875,205.32710321875
True,piano,22,55,205.06239746875,205.41533846874998
True,piano,22,84,205.41533846874998,205.68004421875
True,piano,18,72,205.41533846874998,205.68004421875
True,piano,18,56,205.41533846874998,206.29769096875
True,piano,19,44,205.41533846874998,206.29769096875
True,piano,22,51,205.41533846874998,206.29769096875
True,piano,15,48,205.41533846874998,206.29769096875
True,piano,24,82,205.76827946875002,206.03298521875
True,piano,20,70,205.76827946875002,206.03298521875
True,piano,20,68,206.12122046875,206.38592621875
True,piano,22,80,206.12122046875,206.38592621875
True,piano,18,72,206.47416146875,206.73886721875
True,piano,24,84,206.47416146875,206.73886721875
True,piano,18,55,206.47416146875,207.35651396875002
True,piano,19,43,206.47416146875,207.35651396875002
True,piano,15,51,206.47416146875,207.35651396875002
True,piano,15,46,206.47416146875,207.35651396875002
True,piano,20,70,206.82710246875,207.09180821875
True,piano,23,82,206.82710246875,207.09180821875
True,piano,15,68,207.13592584375,207.22416109375
True,piano,18,70,207.18004346875,207.44474921875
True,piano,16,65,207.53298446875,208.32710171875
True,piano,15,77,207.53298446875,208.32710171875
True,piano,22,48,207.53298446875,208.41533696875
True,piano,18,53,207.53298446875,208.41533696875
True,piano,19,41,207.53298446875,208.41533696875
True,piano,18,53,208.59180746874998,208.94474846875002
True,piano,20,60,208.59180746874998,208.94474846875002
True,piano,16,56,208.59180746874998,208.94474846875002
True,piano,20,68,208.59180746874998,208.94474846875002
True,piano,18,53,208.94474846875002,209.29768946875
True,piano,17,67,208.94474846875002,209.29768946875
True,piano,22,56,209.29768946875,209.65063046875
True,piano,17,60,209.29768946875,209.65063046875
True,piano,18,61,209.65063046875,210.53298296875002
True,piano,16,53,209.65063046875,211.41533546875
True,piano,14,56,209.65063046875,211.41533546875
True,piano,14,49,209.65063046875,211.41533546875
True,piano,16,46,209.65063046875,211.41533546875
True,piano,19,63,211.41533546875,211.76827646874997
True,piano,22,72,211.76827646874997,212.65062896875
True,piano,16,58,211.76827646874997,213.53298146875
True,piano,14,61,211.76827646874997,213.53298146875
True,piano,14,55,211.76827646874997,213.53298146875
True,piano,16,51,211.76827646874997,213.53298146875
True,piano,13,70,212.82709946875,214.15062821874997
True,piano,12,60,213.88592246874998,218.29768496875
True,piano,12,63,213.88592246874998,218.29768496875
True,piano,12,53,213.88592246874998,218.29768496875
True,piano,11,56,213.88592246874998,218.29768496875
True,piano,13,68,214.59180446874998,214.68003971874998
True,piano,12,68,214.76827496875,217.06239146874998
