user_played, instrument_name, velocity, pitch, start (s), end (s)
False,piano,80,61,0.0,0.9902152458333333
False,piano,80,65,0.0,0.9902152458333333
False,piano,80,68,0.0,0.9902152458333333
False,piano,80,72,0.0,0.9902152458333333
False,piano,80,87,0.260869,0.5076075958333334
False,piano,80,84,0.521738,0.7684765958333333
False,piano,80,84,0.7826069999999999,0.9054328208333333
False,piano,80,84,0.9130415,1.0358673208333333
False,piano,80,82,1.043476,1.2902145958333333
False,piano,80,63,1.043476,2.0336912458333334
False,piano,80,67,1.043476,2.0336912458333334
False,piano,80,70,1.043476,2.0336912458333334
False,piano,80,80,1.3043449999999999,1.5510835958333333
False,piano,80,79,1.5652139999999999,1.8119525958333333
False,piano,80,75,1.826083,1.9489088208333332
False,piano,80,75,1.9565175,2.0793433208333334
False,piano,80,77,2.086952,2.333690595833333
False,piano,80,65,2.086952,3.077167245833333
False,piano,80,68,2.086952,3.077167245833333
False,piano,80,72,2.086952,3.077167245833333
False,piano,80,80,2.3478209999999997,2.594559595833333
False,piano,80,87,2.6086899999999997,2.855428595833333
False,piano,80,84,2.8695589999999997,3.364123145833333
False,piano,80,60,3.1304279999999998,4.1206432458333335
False,piano,80,63,3.1304279999999998,4.1206432458333335
False,piano,80,67,3.1304279999999998,4.1206432458333335
False,piano,80,70,3.1304279999999998,4.1206432458333335
False,piano,80,84,3.391297,3.6380355958333332
False,piano,80,85,3.652166,3.8989045958333333
False,piano,80,85,3.913035,4.042382545833333
False,piano,80,87,4.0434695,4.414120870833333
False,piano,80,61,4.173904,5.164119245833333
False,piano,80,65,4.173904,5.164119245833333
False,piano,80,68,4.173904,5.164119245833333
False,piano,80,72,4.173904,5.164119245833333
False,piano,80,83,4.434773,4.681511595833333
False,piano,80,82,4.695641999999999,4.942380595833333
False,piano,80,80,4.956511,5.451075145833333
False,piano,80,60,5.2173799999999995,5.711944145833333
False,piano,80,64,5.2173799999999995,5.711944145833333
False,piano,80,67,5.2173799999999995,5.711944145833333
False,piano,80,80,5.478249,5.724987595833333
False,piano,80,79,5.7391179999999995,5.985856595833333
False,piano,80,64,5.7391179999999995,6.233682145833333
False,piano,80,67,5.7391179999999995,6.233682145833333
False,piano,80,70,5.7391179999999995,6.233682145833333
False,piano,80,77,5.999987,6.246725595833333
False,piano,80,105,6.2608559999999995,6.342377562499999
False,piano,80,74,6.2608559999999995,7.042376045833333
False,piano,80,103,6.347812333333333,6.4293338958333335
False,piano,80,101,6.434768666666667,6.516290229166667
False,piano,80,100,6.521725,6.6032465625
False,piano,80,98,6.608681333333333,6.690202895833333
False,piano,80,96,6.695637666666666,6.777159229166666
False,piano,80,94,6.782594,6.864115562499999
False,piano,80,93,6.869550333333333,6.9510718958333335
False,piano,80,91,6.956506666666667,7.038028229166667
False,piano,80,89,7.043463,7.1249845625
False,piano,80,81,7.043463,7.303245045833333
False,piano,80,88,7.130419333333333,7.211940895833333
False,piano,80,86,7.217375666666666,7.298897229166666
False,piano,80,98,7.304332,7.3858535624999995
False,piano,80,81,7.304332,8.173895333333332
False,piano,80,96,7.391288333333333,7.472809895833333
False,piano,80,94,7.478244666666666,7.559766229166667
False,piano,80,93,7.565201,7.6467225625
False,piano,80,91,7.652157333333333,7.733678895833333
False,piano,80,89,7.7391136666666664,7.820635229166666
False,piano,80,88,7.82607,7.9075915624999995
False,piano,80,86,7.913026333333333,7.994547895833333
False,piano,80,84,7.999982666666666,8.081504229166667
False,piano,80,82,8.086939,8.1684605625
False,piano,80,81,8.173895333333332,8.346721045833332
False,piano,80,77,8.260851666666666,8.342373229166666
False,piano,80,74,8.347808,8.470633820833333
False,piano,80,62,8.347808,9.338023245833332
False,piano,80,69,8.347808,9.338023245833332
True,piano,127,36,8.347808,10.433673045833332
True,piano,127,49,8.347808,10.433673045833332
True,piano,127,57,8.347808,10.433673045833332
False,piano,80,77,8.4782425,8.601068320833333
False,piano,80,81,8.608677,8.731502820833333
False,piano,80,84,8.7391115,9.109762870833332
False,piano,80,81,9.130415,9.377153595833333
False,piano,80,76,9.391283999999999,9.885848145833332
False,piano,80,65,9.391283999999999,10.381499245833332
False,piano,80,72,9.391283999999999,10.381499245833332
False,piano,80,77,9.913022,10.407586145833333
False,piano,80,72,10.434759999999999,10.681498595833332
False,piano,80,67,10.434759999999999,10.929324145833332
False,piano,80,70,10.434759999999999,10.929324145833332
False,piano,80,76,10.695629,10.818454820833333
False,piano,80,77,10.8260635,10.948889320833333
False,piano,80,79,10.956498,11.079323820833332
False,piano,80,69,10.956498,11.451062145833333
False,piano,80,73,10.956498,11.451062145833333
False,piano,80,84,11.0869325,11.457583870833332
False,piano,80,88,11.478235999999999,11.848887370833333
False,piano,80,70,11.478235999999999,11.972800145833332
False,piano,80,74,11.478235999999999,11.972800145833332
False,piano,80,89,11.8695395,12.240190870833333
False,piano,80,61,11.999974,12.494538145833333
False,piano,80,64,11.999974,12.494538145833333
False,piano,80,69,11.999974,12.494538145833333
False,piano,80,81,12.260843,12.507581595833333
False,piano,80,74,12.521711999999999,12.644537820833333
False,piano,80,50,12.521711999999999,13.511927245833332
False,piano,80,57,12.521711999999999,13.511927245833332
False,piano,80,77,12.652146499999999,12.774972320833333
False,piano,80,81,12.782580999999999,12.905406820833333
False,piano,80,84,12.9130155,13.283666870833333
False,piano,80,81,13.304319,13.551057595833333
False,piano,80,76,13.565188,14.059752145833333
False,piano,80,53,13.565188,14.059752145833333
False,piano,80,60,13.565188,14.059752145833333
False,piano,80,77,14.086926,14.581490145833333
False,piano,80,57,14.086926,14.581490145833333
False,piano,80,65,14.086926,14.581490145833333
False,piano,80,72,14.608664,14.855402595833333
False,piano,80,55,14.608664,15.103228145833333
False,piano,80,65,14.608664,15.103228145833333
False,piano,80,76,14.869532999999999,14.992358820833333
False,piano,80,77,14.999967499999999,15.122793320833333
False,piano,80,79,15.130402,15.253227820833333
False,piano,80,57,15.130402,15.624966145833334
False,piano,80,67,15.130402,15.624966145833334
False,piano,80,84,15.2608365,15.631487870833332
False,piano,80,86,15.65214,15.898878595833333
False,piano,80,88,15.65214,15.898878595833333
False,piano,80,57,15.65214,16.146704145833333
False,piano,80,69,15.65214,16.146704145833333
False,piano,80,88,15.913008999999999,16.159747595833334
False,piano,80,89,16.173878,16.184747541666667
False,piano,80,45,16.173878,16.420616595833334
False,piano,80,49,16.173878,16.420616595833334
False,piano,80,57,16.173878,16.420616595833334
False,piano,80,88,16.18692145,16.197790991666665
False,piano,80,87,16.199964899999998,16.210834441666666
False,piano,80,86,16.21300835,16.223877891666667
False,piano,80,85,16.2260518,16.236921341666665
False,piano,80,84,16.23909525,16.249964791666667
False,piano,80,83,16.2521387,16.263008241666665
False,piano,80,82,16.26518215,16.276051691666666
False,piano,80,81,16.2782256,16.289095141666667
False,piano,80,80,16.29126905,16.302138591666665
False,piano,80,79,16.304312499999998,16.315182041666667
False,piano,80,78,16.31735595,16.328225491666664
False,piano,80,77,16.3303994,16.341268941666666
False,piano,80,76,16.34344285,16.354312391666667
False,piano,80,75,16.3564863,16.367355841666665
False,piano,80,74,16.369529749999998,16.380399291666667
False,piano,80,73,16.3825732,16.393442741666664
False,piano,80,72,16.39561665,16.406486191666666
False,piano,80,71,16.4086601,16.419529641666667
False,piano,80,70,16.42170355,16.432573091666665
False,piano,80,69,16.434746999999998,16.681485595833333
False,piano,80,45,16.434746999999998,16.681485595833333
False,piano,80,49,16.434746999999998,16.681485595833333
False,piano,80,57,16.434746999999998,16.681485595833333
False,piano,112,74,16.695616,16.942354595833333
False,piano,112,86,16.695616,16.942354595833333
False,piano,112,26,16.695616,16.942354595833333
False,piano,112,38,16.695616,16.942354595833333
True,piano,96,57,16.695616,16.955398045833334
True,piano,96,36,16.695616,16.955398045833334
False,piano,112,72,16.956485,17.07931082083333
False,piano,112,84,16.956485,17.07931082083333
False,piano,112,50,16.956485,17.07931082083333
False,piano,112,72,17.0869195,17.333658095833332
False,piano,112,84,17.0869195,17.333658095833332
False,piano,112,53,17.0869195,17.333658095833332
False,piano,112,57,17.0869195,17.333658095833332
False,piano,112,62,17.0869195,17.333658095833332
True,piano,96,36,17.0869195,17.346701545833334
True,piano,96,38,17.217354,17.477136045833333
False,piano,112,67,17.3477885,17.718439870833333
False,piano,112,79,17.3477885,17.718439870833333
False,piano,112,50,17.3477885,17.470614320833334
False,piano,112,53,17.478223,17.601048820833334
False,piano,112,57,17.478223,17.601048820833334
False,piano,112,62,17.478223,17.601048820833334
True,piano,96,46,17.478223,17.607570545833333
False,piano,112,50,17.6086575,17.731483320833334
True,piano,49,38,17.6086575,17.738005045833333
False,piano,112,64,17.739092,18.233656145833333
False,piano,112,76,17.739092,18.233656145833333
False,piano,112,29,17.739092,17.98583059583333
False,piano,112,41,17.739092,17.98583059583333
True,piano,96,46,17.739092,17.868439545833333
True,piano,96,36,17.739092,17.998874045833333
True,piano,49,38,17.8695265,17.998874045833333
False,piano,112,48,17.999961,18.122786820833333
True,piano,96,46,17.999961,18.259743045833332
True,piano,96,36,17.999961,18.259743045833332
False,piano,112,53,18.1303955,18.50104687083333
False,piano,112,57,18.1303955,18.50104687083333
False,piano,112,60,18.1303955,18.50104687083333
False,piano,112,65,18.26083,18.755394145833332
False,piano,112,77,18.26083,18.755394145833332
True,piano,96,38,18.26083,18.390177545833332
True,piano,96,36,18.3912645,18.52061204583333
False,piano,112,29,18.521698999999998,18.768437595833333
False,piano,112,41,18.521698999999998,18.768437595833333
True,piano,96,46,18.521698999999998,18.65104654583333
True,piano,96,36,18.652133499999998,18.78148104583333
False,piano,112,72,18.782567999999998,19.029306595833333
False,piano,112,84,18.782567999999998,19.029306595833333
False,piano,112,31,18.782567999999998,19.029306595833333
False,piano,112,43,18.782567999999998,19.029306595833333
True,piano,96,49,18.782567999999998,19.042350045833334
True,piano,96,36,18.782567999999998,19.042350045833334
False,piano,112,76,19.043437,19.16626282083333
False,piano,112,88,19.043437,19.16626282083333
False,piano,112,43,19.043437,19.16626282083333
True,piano,96,46,19.043437,19.303219045833334
False,piano,112,77,19.1738715,19.29669732083333
False,piano,112,89,19.1738715,19.29669732083333
False,piano,112,46,19.1738715,19.420610095833332
False,piano,112,50,19.1738715,19.420610095833332
False,piano,112,55,19.1738715,19.420610095833332
True,piano,96,36,19.1738715,19.433653545833334
False,piano,112,79,19.304306,19.42713182083333
False,piano,112,91,19.304306,19.42713182083333
True,piano,96,38,19.304306,19.564088045833333
False,piano,112,84,19.4347405,19.805391870833333
False,piano,112,96,19.4347405,19.805391870833333
False,piano,112,43,19.4347405,19.55756632083333
False,piano,112,46,19.565175,19.688000820833334
False,piano,112,50,19.565175,19.688000820833334
False,piano,112,55,19.565175,19.688000820833334
True,piano,96,46,19.565175,19.694522545833333
True,piano,96,36,19.565175,19.694522545833333
False,piano,112,43,19.6956095,19.818435320833334
True,piano,49,38,19.6956095,19.824957045833333
False,piano,112,88,19.826044,20.196695370833332
False,piano,112,100,19.826044,20.196695370833332
False,piano,112,34,19.826044,20.07278259583333
False,piano,112,46,19.826044,20.07278259583333
True,piano,96,46,19.826044,19.955391545833333
True,piano,49,38,19.9564785,20.085826045833333
False,piano,112,50,20.086913,20.33365159583333
False,piano,112,53,20.086913,20.33365159583333
False,piano,112,58,20.086913,20.33365159583333
True,piano,96,36,20.086913,20.216260545833332
True,piano,96,46,20.086913,20.346695045833332
False,piano,112,89,20.2173475,20.58799887083333
False,piano,112,101,20.2173475,20.58799887083333
False,piano,112,37,20.347782,20.594520595833334
False,piano,112,49,20.347782,20.594520595833334
True,piano,96,38,20.347782,20.477129545833332
True,piano,96,38,20.4782165,20.607564045833332
False,piano,112,81,20.608651,20.855389595833334
False,piano,112,93,20.608651,20.855389595833334
False,piano,112,52,20.608651,20.855389595833334
False,piano,112,57,20.608651,20.855389595833334
False,piano,112,61,20.608651,20.855389595833334
True,piano,96,38,20.608651,20.73799854583333
True,piano,96,38,20.739085499999998,20.86843304583333
False,piano,112,74,20.869519999999998,21.116258595833333
False,piano,112,86,20.869519999999998,21.116258595833333
False,piano,112,26,20.869519999999998,21.116258595833333
False,piano,112,38,20.869519999999998,21.116258595833333
True,piano,96,57,20.869519999999998,21.12930204583333
True,piano,96,36,20.869519999999998,21.12930204583333
False,piano,112,72,21.130389,21.253214820833332
False,piano,112,84,21.130389,21.253214820833332
False,piano,112,50,21.130389,21.253214820833332
False,piano,112,72,21.2608235,21.507562095833332
False,piano,112,84,21.2608235,21.507562095833332
False,piano,112,53,21.2608235,21.507562095833332
False,piano,112,57,21.2608235,21.507562095833332
False,piano,112,62,21.2608235,21.507562095833332
True,piano,96,36,21.2608235,21.520605545833334
True,piano,96,38,21.391258,21.651040045833334
False,piano,112,67,21.5216925,21.892343870833333
False,piano,112,79,21.5216925,21.892343870833333
False,piano,112,50,21.5216925,21.64451832083333
False,piano,112,53,21.652127,21.77495282083333
False,piano,112,57,21.652127,21.77495282083333
False,piano,112,62,21.652127,21.77495282083333
True,piano,96,46,21.652127,21.781474545833333
False,piano,112,50,21.7825615,21.905387320833334
True,piano,49,38,21.7825615,21.911909045833333
False,piano,112,64,21.912996,22.407560145833333
False,piano,112,76,21.912996,22.407560145833333
False,piano,112,29,21.912996,22.15973459583333
False,piano,112,41,21.912996,22.15973459583333
True,piano,96,46,21.912996,22.042343545833333
True,piano,96,36,21.912996,22.172778045833333
True,piano,49,38,22.0434305,22.172778045833333
False,piano,112,48,22.173865,22.296690820833334
True,piano,96,46,22.173865,22.433647045833332
True,piano,96,36,22.173865,22.433647045833332
False,piano,112,53,22.3042995,22.67495087083333
False,piano,112,57,22.3042995,22.67495087083333
False,piano,112,60,22.3042995,22.67495087083333
False,piano,112,65,22.434734,22.929298145833332
False,piano,112,77,22.434734,22.929298145833332
True,piano,96,38,22.434734,22.564081545833332
True,piano,96,36,22.5651685,22.694516045833332
False,piano,112,29,22.695603,22.942341595833334
False,piano,112,41,22.695603,22.942341595833334
True,piano,96,46,22.695603,22.82495054583333
True,piano,96,36,22.826037499999998,22.95538504583333
False,piano,112,72,22.956471999999998,23.203210595833333
False,piano,112,84,22.956471999999998,23.203210595833333
False,piano,112,31,22.956471999999998,23.203210595833333
False,piano,112,43,22.956471999999998,23.203210595833333
True,piano,96,49,22.956471999999998,23.21625404583333
True,piano,96,36,22.956471999999998,23.21625404583333
False,piano,112,76,23.217340999999998,23.340166820833332
False,piano,112,88,23.217340999999998,23.340166820833332
False,piano,112,43,23.217340999999998,23.340166820833332
True,piano,96,46,23.217340999999998,23.477123045833334
False,piano,112,77,23.3477755,23.47060132083333
False,piano,112,89,23.3477755,23.47060132083333
False,piano,112,46,23.3477755,23.594514095833333
False,piano,112,50,23.3477755,23.594514095833333
False,piano,112,55,23.3477755,23.594514095833333
True,piano,96,36,23.3477755,23.607557545833334
False,piano,112,79,23.47821,23.60103582083333
False,piano,112,91,23.47821,23.60103582083333
True,piano,96,38,23.47821,23.737992045833334
False,piano,112,84,23.6086445,23.979295870833333
False,piano,112,96,23.6086445,23.979295870833333
False,piano,112,43,23.6086445,23.73147032083333
False,piano,112,46,23.739079,23.86190482083333
False,piano,112,50,23.739079,23.86190482083333
False,piano,112,55,23.739079,23.86190482083333
True,piano,96,46,23.739079,23.868426545833334
True,piano,96,36,23.739079,23.868426545833334
False,piano,112,43,23.8695135,23.99233932083333
True,piano,49,38,23.8695135,23.998861045833333
False,piano,112,88,23.999948,24.370599370833332
False,piano,112,100,23.999948,24.370599370833332
False,piano,112,34,23.999948,24.24668659583333
False,piano,112,46,23.999948,24.24668659583333
True,piano,96,46,23.999948,24.129295545833333
True,piano,49,38,24.1303825,24.259730045833333
False,piano,112,50,24.260817,24.50755559583333
False,piano,112,53,24.260817,24.50755559583333
False,piano,112,58,24.260817,24.50755559583333
True,piano,96,36,24.260817,24.390164545833333
True,piano,96,46,24.260817,24.520599045833332
False,piano,112,89,24.3912515,24.76190287083333
False,piano,112,101,24.3912515,24.76190287083333
False,piano,112,37,24.521686,24.76842459583333
False,piano,112,49,24.521686,24.76842459583333
True,piano,96,38,24.521686,24.651033545833332
True,piano,96,38,24.6521205,24.781468045833332
False,piano,112,81,24.782555,25.029293595833334
False,piano,112,93,24.782555,25.029293595833334
False,piano,112,52,24.782555,25.029293595833334
False,piano,112,57,24.782555,25.029293595833334
False,piano,112,61,24.782555,25.029293595833334
True,piano,96,38,24.782555,24.911902545833332
True,piano,96,38,24.9129895,25.04233704583333
False,piano,112,74,25.043423999999998,25.290162595833333
False,piano,112,86,25.043423999999998,25.290162595833333
False,piano,112,26,25.043423999999998,25.290162595833333
False,piano,112,38,25.043423999999998,25.290162595833333
True,piano,96,57,25.043423999999998,25.30320604583333
True,piano,96,36,25.043423999999998,25.30320604583333
False,piano,112,72,25.304292999999998,25.427118820833332
False,piano,112,84,25.304292999999998,25.427118820833332
False,piano,112,50,25.304292999999998,25.427118820833332
False,piano,112,72,25.434727499999997,25.681466095833333
False,piano,112,84,25.434727499999997,25.681466095833333
False,piano,112,53,25.434727499999997,25.681466095833333
False,piano,112,57,25.434727499999997,25.681466095833333
False,piano,112,62,25.434727499999997,25.681466095833333
True,piano,96,36,25.434727499999997,25.694509545833334
True,piano,96,38,25.565161999999997,25.824944045833334
False,piano,112,67,25.6955965,26.066247870833333
False,piano,112,79,25.6955965,26.066247870833333
False,piano,112,50,25.6955965,25.81842232083333
False,piano,112,53,25.826031,25.94885682083333
False,piano,112,57,25.826031,25.94885682083333
False,piano,112,62,25.826031,25.94885682083333
True,piano,96,46,25.826031,25.955378545833334
False,piano,112,50,25.9564655,26.07929132083333
True,piano,49,38,25.9564655,26.085813045833333
False,piano,112,64,26.0869,26.581464145833333
False,piano,112,76,26.0869,26.581464145833333
False,piano,112,29,26.0869,26.33363859583333
False,piano,112,41,26.0869,26.33363859583333
True,piano,96,46,26.0869,26.216247545833333
True,piano,96,36,26.0869,26.346682045833333
True,piano,49,38,26.2173345,26.346682045833333
False,piano,112,48,26.347769,26.470594820833334
True,piano,96,46,26.347769,26.607551045833333
True,piano,96,36,26.347769,26.607551045833333
False,piano,112,53,26.4782035,26.848854870833332
False,piano,112,57,26.4782035,26.848854870833332
False,piano,112,60,26.4782035,26.848854870833332
False,piano,112,65,26.608638,27.103202145833333
False,piano,112,77,26.608638,27.103202145833333
True,piano,96,38,26.608638,26.737985545833332
True,piano,96,36,26.7390725,26.868420045833332
False,piano,112,29,26.869507,27.116245595833334
False,piano,112,41,26.869507,27.116245595833334
True,piano,96,46,26.869507,26.998854545833332
True,piano,96,36,26.9999415,27.129289045833332
False,piano,112,72,27.130376,27.377114595833334
False,piano,112,84,27.130376,27.377114595833334
False,piano,112,31,27.130376,27.377114595833334
False,piano,112,43,27.130376,27.377114595833334
True,piano,96,36,27.130376,27.39015804583333
False,piano,112,76,27.391244999999998,27.514070820833332
False,piano,112,88,27.391244999999998,27.514070820833332
False,piano,112,43,27.391244999999998,27.514070820833332
True,piano,96,46,27.391244999999998,27.65102704583333
False,piano,112,77,27.521679499999998,27.644505320833332
False,piano,112,89,27.521679499999998,27.644505320833332
False,piano,112,46,27.521679499999998,27.768418095833333
False,piano,112,50,27.521679499999998,27.768418095833333
False,piano,112,55,27.521679499999998,27.768418095833333
True,piano,96,36,27.521679499999998,27.78146154583333
False,piano,112,79,27.652113999999997,27.774939820833332
False,piano,112,91,27.652113999999997,27.774939820833332
True,piano,96,38,27.652113999999997,27.911896045833334
False,piano,112,84,27.782548499999997,28.153199870833333
False,piano,112,96,27.782548499999997,28.153199870833333
False,piano,112,43,27.782548499999997,27.90537432083333
False,piano,112,46,27.912983,28.03580882083333
False,piano,112,50,27.912983,28.03580882083333
False,piano,112,55,27.912983,28.03580882083333
True,piano,96,46,27.912983,28.042330545833334
True,piano,96,36,27.912983,28.042330545833334
False,piano,112,43,28.0434175,28.16624332083333
True,piano,49,38,28.0434175,28.172765045833334
False,piano,112,88,28.173852,28.544503370833333
False,piano,112,100,28.173852,28.544503370833333
False,piano,112,34,28.173852,28.420590595833332
False,piano,112,46,28.173852,28.420590595833332
True,piano,96,46,28.173852,28.303199545833333
True,piano,96,38,28.3042865,28.433634045833333
False,piano,112,50,28.434721,28.68145959583333
False,piano,112,53,28.434721,28.68145959583333
False,piano,112,58,28.434721,28.68145959583333
True,piano,96,36,28.434721,28.564068545833333
True,piano,96,46,28.434721,28.694503045833333
False,piano,112,89,28.5651555,28.935806870833332
False,piano,112,101,28.5651555,28.935806870833332
False,piano,112,37,28.69559,28.94232859583333
False,piano,112,49,28.69559,28.94232859583333
True,piano,96,38,28.69559,28.955372045833332
True,piano,96,36,28.8260245,28.955372045833332
False,piano,112,81,28.956459,29.20319759583333
False,piano,112,93,28.956459,29.20319759583333
False,piano,112,52,28.956459,29.20319759583333
False,piano,112,57,28.956459,29.20319759583333
False,piano,112,61,28.956459,29.20319759583333
True,piano,96,36,29.0868935,29.216241045833332
False,piano,112,74,29.217328,29.464066595833334
False,piano,112,86,29.217328,29.464066595833334
False,piano,112,26,29.217328,29.464066595833334
False,piano,112,38,29.217328,29.464066595833334
True,piano,96,57,29.217328,29.47711004583333
True,piano,96,36,29.217328,29.47711004583333
False,piano,112,72,29.478196999999998,29.601022820833332
False,piano,112,84,29.478196999999998,29.601022820833332
False,piano,112,50,29.478196999999998,29.601022820833332
False,piano,112,72,29.608631499999998,29.855370095833333
False,piano,112,84,29.608631499999998,29.855370095833333
False,piano,112,53,29.608631499999998,29.855370095833333
False,piano,112,57,29.608631499999998,29.855370095833333
False,piano,112,62,29.608631499999998,29.855370095833333
True,piano,96,36,29.608631499999998,29.86841354583333
True,piano,96,38,29.739065999999998,29.99884804583333
False,piano,112,67,29.869500499999997,30.240151870833333
False,piano,112,79,29.869500499999997,30.240151870833333
False,piano,112,50,29.869500499999997,29.99232632083333
False,piano,112,53,29.999934999999997,30.12276082083333
False,piano,112,57,29.999934999999997,30.12276082083333
False,piano,112,62,29.999934999999997,30.12276082083333
True,piano,96,46,29.999934999999997,30.129282545833334
False,piano,112,50,30.1303695,30.25319532083333
True,piano,96,38,30.1303695,30.259717045833334
False,piano,112,64,30.260804,30.755368145833334
False,piano,112,76,30.260804,30.755368145833334
False,piano,112,38,30.260804,30.507542595833332
False,piano,112,50,30.260804,30.507542595833332
True,piano,96,46,30.260804,30.390151545833334
True,piano,96,36,30.260804,30.520586045833333
True,piano,96,38,30.3912385,30.520586045833333
False,piano,112,53,30.521673,30.76841159583333
False,piano,112,57,30.521673,30.76841159583333
False,piano,112,62,30.521673,30.76841159583333
True,piano,96,46,30.521673,30.781455045833333
True,piano,96,36,30.521673,30.781455045833333
False,piano,112,65,30.782542,31.277106145833333
False,piano,112,77,30.782542,31.277106145833333
False,piano,112,37,30.782542,31.02928059583333
False,piano,112,49,30.782542,31.02928059583333
True,piano,96,38,30.782542,31.042324045833332
True,piano,96,36,30.9129765,31.042324045833332
False,piano,112,52,31.043411,31.29014959583333
False,piano,112,55,31.043411,31.29014959583333
False,piano,112,61,31.043411,31.29014959583333
True,piano,96,46,31.043411,31.303193045833332
False,piano,112,77,31.30428,31.551018595833334
False,piano,112,89,31.30428,31.551018595833334
False,piano,112,34,31.30428,31.551018595833334
False,piano,112,46,31.30428,31.551018595833334
True,piano,96,49,31.30428,31.433627545833332
True,piano,96,36,31.30428,31.82493104583333
True,piano,64,38,31.4347145,31.56406204583333
False,piano,112,69,31.565148999999998,31.93580037083333
False,piano,112,81,31.565148999999998,31.93580037083333
False,piano,112,46,31.565148999999998,31.687974820833333
True,piano,64,38,31.565148999999998,31.69449654583333
False,piano,112,50,31.695583499999998,31.942322095833333
False,piano,112,53,31.695583499999998,31.942322095833333
False,piano,112,58,31.695583499999998,31.942322095833333
True,piano,64,38,31.695583499999998,31.82493104583333
True,piano,96,57,31.826017999999998,31.95536554583333
True,piano,96,36,31.826017999999998,32.34666904583333
False,piano,112,65,31.956452499999997,32.327103870833334
False,piano,112,77,31.956452499999997,32.327103870833334
False,piano,112,46,31.956452499999997,32.07927832083333
True,piano,64,38,31.956452499999997,32.08580004583333
False,piano,112,50,32.086887,32.20971282083333
False,piano,112,53,32.086887,32.20971282083333
False,piano,112,58,32.086887,32.20971282083333
True,piano,64,38,32.086887,32.21623454583333
False,piano,112,46,32.2173215,32.34014732083333
True,piano,64,38,32.2173215,32.34666904583333
False,piano,112,70,32.347756,32.842320145833334
False,piano,112,82,32.347756,32.842320145833334
False,piano,112,34,32.347756,32.59449459583333
False,piano,112,46,32.347756,32.59449459583333
True,piano,96,49,32.347756,32.47710354583333
True,piano,96,36,32.347756,32.86840704583333
True,piano,64,38,32.4781905,32.60753804583333
False,piano,112,50,32.608624999999996,32.85536359583333
False,piano,112,53,32.608624999999996,32.85536359583333
False,piano,112,58,32.608624999999996,32.85536359583333
True,piano,64,38,32.608624999999996,32.73797254583333
True,piano,64,38,32.739059499999996,32.86840704583333
False,piano,112,73,32.869493999999996,33.36405814583333
False,piano,112,85,32.869493999999996,33.36405814583333
False,piano,112,33,32.869493999999996,33.11623259583333
False,piano,112,45,32.869493999999996,33.11623259583333
True,piano,96,38,32.869493999999996,32.99884154583333
True,piano,96,36,32.869493999999996,33.39014504583333
True,piano,96,50,32.999928499999996,33.12927604583333
False,piano,112,49,33.130362999999996,33.37710159583333
False,piano,112,52,33.130362999999996,33.37710159583333
False,piano,112,57,33.130362999999996,33.37710159583333
True,piano,96,45,33.130362999999996,33.25971054583333
True,piano,96,45,33.260797499999995,33.39014504583333
False,piano,112,81,33.391232,33.76188337083333
False,piano,112,93,33.391232,33.76188337083333
False,piano,112,33,33.391232,33.76188337083333
False,piano,112,45,33.391232,33.76188337083333
True,piano,96,36,33.391232,33.520579545833336
True,piano,96,46,33.391232,33.651014045833335
True,piano,96,44,33.5216665,33.651014045833335
False,piano,112,81,33.7825355,34.40101242083333
False,piano,112,93,33.7825355,34.40101242083333
False,piano,112,33,33.7825355,34.40101242083333
False,piano,112,45,33.7825355,34.40101242083333
True,piano,96,46,33.91297,34.433621045833334
False,piano,112,74,34.434708,34.92927214583333
False,piano,112,50,34.434708,34.68144659583333
False,piano,112,57,34.434708,34.68144659583333
False,piano,112,62,34.434708,34.68144659583333
True,piano,96,49,34.434708,34.564055545833334
True,piano,96,36,34.434708,34.694490045833334
True,piano,96,42,34.5651425,34.694490045833334
False,piano,112,50,34.695577,34.942315595833335
False,piano,112,57,34.695577,34.942315595833335
False,piano,112,62,34.695577,34.942315595833335
True,piano,96,36,34.8260115,34.95535904583333
False,piano,112,86,34.956446,35.45101014583333
True,piano,96,42,35.217315,35.47709704583333
False,piano,112,85,35.478184,35.97274814583333
False,piano,112,49,35.478184,35.724922595833334
False,piano,112,57,35.478184,35.724922595833334
False,piano,112,61,35.478184,35.724922595833334
True,piano,96,36,35.478184,35.73796604583333
False,piano,112,49,35.739053,35.985791595833334
False,piano,112,57,35.739053,35.985791595833334
False,piano,112,61,35.739053,35.985791595833334
True,piano,96,42,35.739053,35.86840054583333
True,piano,96,36,35.8694875,35.99883504583333
False,piano,112,81,35.999922,36.494486145833335
True,piano,96,42,36.260791,36.52057304583333
False,piano,112,79,36.52166,36.89231137083333
False,piano,112,48,36.52166,36.76839859583333
False,piano,112,57,36.52166,36.76839859583333
False,piano,112,60,36.52166,36.76839859583333
True,piano,96,36,36.52166,36.78144204583333
False,piano,112,48,36.782529,37.02926759583333
False,piano,112,57,36.782529,37.02926759583333
False,piano,112,60,36.782529,37.02926759583333
True,piano,96,42,36.782529,36.91187654583333
False,piano,112,77,36.9129635,37.28361487083333
True,piano,96,36,36.9129635,37.04231104583333
False,piano,112,76,37.304266999999996,37.79883114583333
True,piano,96,42,37.304266999999996,37.56404904583333
False,piano,112,47,37.565135999999995,37.81187459583333
False,piano,112,55,37.565135999999995,37.81187459583333
False,piano,112,59,37.565135999999995,37.81187459583333
True,piano,96,36,37.565135999999995,37.82491804583333
False,piano,112,79,37.826005,38.568394695833334
False,piano,112,88,37.826005,38.568394695833334
False,piano,112,47,37.826005,38.07274359583333
False,piano,112,55,37.826005,38.07274359583333
False,piano,112,59,37.826005,38.07274359583333
True,piano,96,42,37.826005,37.955352545833335
True,piano,96,36,37.9564395,38.085787045833335
True,piano,96,42,38.347743,38.607525045833334
False,piano,112,81,38.608612,39.10317614583333
False,piano,112,89,38.608612,39.10317614583333
False,piano,112,46,38.608612,38.85535059583333
False,piano,112,53,38.608612,38.85535059583333
False,piano,112,58,38.608612,38.85535059583333
True,piano,96,36,38.608612,38.868394045833334
False,piano,112,46,38.869481,39.11621959583333
False,piano,112,53,38.869481,39.11621959583333
False,piano,112,58,38.869481,39.11621959583333
True,piano,96,42,38.869481,38.998828545833334
True,piano,96,36,38.9999155,39.12926304583333
False,piano,112,88,39.13035,39.377088595833335
False,piano,112,81,39.391219,40.13360869583333
True,piano,96,42,39.391219,39.65100104583333
False,piano,112,45,39.652088,39.898826595833334
False,piano,112,52,39.652088,39.898826595833334
False,piano,112,57,39.652088,39.898826595833334
True,piano,96,36,39.652088,39.91187004583333
False,piano,112,45,39.912957,40.159695595833334
False,piano,112,52,39.912957,40.159695595833334
False,piano,112,57,39.912957,40.159695595833334
True,piano,96,42,39.912957,40.04230454583333
True,piano,96,36,40.0433915,40.17273904583333
False,piano,112,79,40.173826,40.91621569583333
True,piano,96,42,40.434695,40.69447704583333
False,piano,112,43,40.695564,40.94230259583333
False,piano,112,50,40.695564,40.94230259583333
False,piano,112,55,40.695564,40.94230259583333
True,piano,96,36,40.695564,40.95534604583333
False,piano,112,84,40.956433,41.450997145833334
False,piano,112,43,40.956433,41.20317159583333
False,piano,112,50,40.956433,41.20317159583333
False,piano,112,55,40.956433,41.20317159583333
True,piano,96,42,40.956433,41.08578054583333
True,piano,96,36,41.0868675,41.21621504583333
False,piano,112,82,41.478170999999996,41.72490959583333
True,piano,96,42,41.478170999999996,41.73795304583333
False,piano,112,81,41.739039999999996,42.10969137083333
False,piano,112,45,41.739039999999996,41.98577859583333
False,piano,112,52,41.739039999999996,41.98577859583333
False,piano,112,57,41.739039999999996,41.98577859583333
True,piano,96,36,41.739039999999996,41.99882204583333
True,piano,96,42,41.869474499999995,41.99882204583333
False,piano,112,45,41.999908999999995,42.24664759583333
False,piano,112,52,41.999908999999995,42.24664759583333
False,piano,112,57,41.999908999999995,42.24664759583333
True,piano,96,42,41.999908999999995,42.12925654583333
False,piano,112,76,42.130343499999995,42.50099487083333
True,piano,96,36,42.130343499999995,42.25969104583333
False,piano,112,74,42.521647,42.76838559583333
True,piano,96,46,42.521647,42.781429045833335
False,piano,112,74,42.782516,43.27708014583333
False,piano,112,26,42.782516,43.02925459583333
False,piano,112,38,42.782516,43.02925459583333
True,piano,96,57,42.782516,43.042298045833334
True,piano,96,36,42.782516,43.042298045833334
False,piano,112,53,43.043385,43.53794914583333
False,piano,112,57,43.043385,43.53794914583333
False,piano,112,62,43.043385,43.53794914583333
True,piano,96,42,43.043385,43.172732545833334
True,piano,96,36,43.1738195,43.303167045833334
False,piano,112,81,43.304254,43.79881814583333
False,piano,112,86,43.304254,43.79881814583333
True,piano,96,42,43.565123,43.82490504583333
False,piano,112,81,43.825992,44.32055614583333
False,piano,112,85,43.825992,44.32055614583333
False,piano,112,25,43.825992,44.072730595833335
False,piano,112,37,43.825992,44.072730595833335
True,piano,96,36,43.825992,44.08577404583333
False,piano,112,52,44.086861,44.58142514583333
False,piano,112,57,44.086861,44.58142514583333
False,piano,112,61,44.086861,44.58142514583333
True,piano,96,42,44.086861,44.21620854583333
True,piano,96,36,44.2172955,44.34664304583333
False,piano,112,76,44.34773,44.84229414583333
False,piano,112,81,44.34773,44.84229414583333
True,piano,96,42,44.608599,44.86838104583333
False,piano,112,76,44.869468,45.240119370833334
False,piano,112,79,44.869468,45.240119370833334
False,piano,112,24,44.869468,45.11620659583333
False,piano,112,36,44.869468,45.11620659583333
True,piano,96,36,44.869468,45.12925004583333
False,piano,112,52,45.130337,45.624901145833334
False,piano,112,55,45.130337,45.624901145833334
False,piano,112,60,45.130337,45.624901145833334
True,piano,96,42,45.130337,45.25968454583333
False,piano,112,74,45.2607715,45.63142287083333
False,piano,112,77,45.2607715,45.63142287083333
True,piano,96,36,45.2607715,45.39011904583333
False,piano,112,72,45.652074999999996,46.394464695833335
False,piano,112,76,45.652074999999996,46.394464695833335
True,piano,96,42,45.652074999999996,45.91185704583333
False,piano,112,23,45.912943999999996,46.15968259583333
False,piano,112,35,45.912943999999996,46.15968259583333
True,piano,96,36,45.912943999999996,46.17272604583333
False,piano,112,50,46.173812999999996,46.66837714583333
False,piano,112,55,46.173812999999996,46.66837714583333
False,piano,112,59,46.173812999999996,46.66837714583333
True,piano,96,42,46.173812999999996,46.30316054583333
True,piano,96,36,46.304247499999995,46.43359504583333
False,piano,112,74,46.434681999999995,48.168373895833334
False,piano,112,77,46.434681999999995,48.168373895833334
True,piano,96,42,46.695551,46.955333045833335
False,piano,112,22,46.95642,47.20315859583333
False,piano,112,34,46.95642,47.20315859583333
True,piano,96,36,46.95642,47.216202045833334
False,piano,112,50,47.217289,47.71185314583333
False,piano,112,53,47.217289,47.71185314583333
False,piano,112,58,47.217289,47.71185314583333
True,piano,96,42,47.217289,47.346636545833334
True,piano,96,36,47.3477235,47.477071045833334
True,piano,127,38,47.6085925,47.737940045833334
True,piano,127,38,47.739027,47.86837454583333
False,piano,112,21,47.999896,48.99011124583333
False,piano,112,33,47.999896,48.99011124583333
False,piano,112,69,48.260765,48.507503595833334
True,piano,96,48,48.260765,48.52054704583333
False,piano,112,69,48.521634,48.768372595833334
True,piano,96,45,48.521634,48.78141604583333
False,piano,112,72,48.782503,49.029241595833334
True,piano,96,49,48.782503,49.04228504583333
True,piano,96,36,48.782503,49.04228504583333
False,piano,112,69,49.043372,49.537936145833335
False,piano,112,76,49.043372,49.537936145833335
False,piano,112,38,49.043372,49.537936145833335
False,piano,112,50,49.043372,49.537936145833335
True,piano,96,44,49.043372,49.30315404583333
False,piano,112,68,49.56511,50.059674145833334
False,piano,112,74,49.56511,50.059674145833334
False,piano,112,40,49.56511,50.059674145833334
False,piano,112,52,49.56511,50.059674145833334
True,piano,96,44,49.56511,49.82489204583333
False,piano,112,65,50.086847999999996,50.58141214583333
False,piano,112,76,50.086847999999996,50.58141214583333
False,piano,112,41,50.086847999999996,50.58141214583333
False,piano,112,53,50.086847999999996,50.58141214583333
True,piano,96,44,50.086847999999996,50.34663004583333
False,piano,112,62,50.608585999999995,51.10315014583333
False,piano,112,74,50.608585999999995,51.10315014583333
False,piano,112,43,50.608585999999995,51.10315014583333
False,piano,112,55,50.608585999999995,51.10315014583333
True,piano,96,49,50.608585999999995,50.86836804583333
True,piano,96,36,50.608585999999995,50.86836804583333
False,piano,112,65,51.130323999999995,51.62488814583333
False,piano,112,77,51.130323999999995,51.62488814583333
False,piano,112,44,51.130323999999995,51.62488814583333
False,piano,112,56,51.130323999999995,51.62488814583333
True,piano,96,57,51.130323999999995,51.390106045833335
True,piano,96,36,51.130323999999995,51.390106045833335
False,piano,112,69,51.652062,52.02271337083333
False,piano,112,79,51.652062,52.02271337083333
False,piano,112,45,51.652062,52.14662614583333
False,piano,112,57,51.652062,52.14662614583333
True,piano,96,49,51.652062,51.911844045833334
True,piano,96,36,51.652062,51.911844045833334
False,piano,112,72,52.0433655,52.166191320833335
False,piano,112,79,52.0433655,52.166191320833335
False,piano,112,70,52.1738,52.66836414583333
False,piano,112,74,52.1738,52.66836414583333
False,piano,112,77,52.1738,52.66836414583333
False,piano,112,81,52.1738,52.66836414583333
False,piano,112,34,52.1738,52.66836414583333
False,piano,112,46,52.1738,52.66836414583333
True,piano,96,49,52.1738,52.43358204583333
True,piano,96,57,52.1738,52.43358204583333
True,piano,96,36,52.1738,52.43358204583333
True,piano,96,36,52.434669,52.69445104583333
False,piano,112,79,52.695538,53.19010214583333
False,piano,112,50,52.695538,53.19010214583333
False,piano,112,53,52.695538,53.19010214583333
False,piano,112,58,52.695538,53.19010214583333
True,piano,96,59,52.695538,52.95532004583333
True,piano,96,38,52.956407,53.21618904583333
False,piano,112,74,53.217276,53.71184014583333
False,piano,112,77,53.217276,53.71184014583333
False,piano,112,84,53.217276,53.71184014583333
False,piano,112,50,53.217276,53.71184014583333
False,piano,112,53,53.217276,53.71184014583333
False,piano,112,58,53.217276,53.71184014583333
True,piano,96,59,53.217276,53.47705804583333
True,piano,96,38,53.478145,53.60749254583333
True,piano,96,38,53.6085795,53.73792704583333
False,piano,112,73,53.739014,54.233578145833334
False,piano,112,76,53.739014,54.233578145833334
False,piano,112,79,53.739014,54.72922924583333
False,piano,112,37,53.739014,54.233578145833334
False,piano,112,49,53.739014,54.233578145833334
True,piano,96,59,53.739014,53.99879604583333
True,piano,96,36,53.739014,53.99879604583333
False,piano,112,74,54.260752,54.75531614583333
False,piano,112,52,54.260752,54.75531614583333
False,piano,112,57,54.260752,54.75531614583333
False,piano,112,61,54.260752,54.75531614583333
True,piano,96,59,54.260752,54.52053404583333
True,piano,96,36,54.260752,54.52053404583333
True,piano,96,36,54.521620999999996,54.78140304583333
False,piano,112,69,54.782489999999996,55.27705414583333
False,piano,112,79,54.782489999999996,55.27705414583333
False,piano,112,52,54.782489999999996,55.27705414583333
False,piano,112,57,54.782489999999996,55.27705414583333
False,piano,112,61,54.782489999999996,55.27705414583333
True,piano,96,38,54.782489999999996,55.04227204583333
True,piano,96,59,54.782489999999996,55.04227204583333
False,piano,112,69,55.304227999999995,55.79879214583333
False,piano,112,74,55.304227999999995,55.79879214583333
False,piano,112,81,55.304227999999995,55.79879214583333
False,piano,112,38,55.304227999999995,55.79879214583333
False,piano,112,50,55.304227999999995,55.79879214583333
True,piano,96,49,55.304227999999995,55.56401004583333
True,piano,96,36,55.304227999999995,55.56401004583333
True,piano,96,36,55.565096999999994,55.824879045833335
False,piano,112,72,55.825966,56.07270459583333
False,piano,112,79,55.825966,56.07270459583333
False,piano,112,53,55.825966,56.32053014583333
False,piano,112,57,55.825966,56.32053014583333
False,piano,112,62,55.825966,56.32053014583333
True,piano,96,59,55.825966,56.085748045833334
False,piano,112,74,56.086835,56.58139914583333
False,piano,112,79,56.086835,56.58139914583333
True,piano,96,38,56.086835,56.346617045833334
False,piano,112,53,56.347704,56.84226814583333
False,piano,112,57,56.347704,56.84226814583333
False,piano,112,62,56.347704,56.84226814583333
True,piano,96,57,56.347704,56.60748604583333
True,piano,96,36,56.347704,56.60748604583333
False,piano,112,69,56.608573,56.85531159583333
False,piano,112,77,56.608573,56.85531159583333
True,piano,96,38,56.608573,56.86835504583333
False,piano,112,65,56.869442,57.85965724583333
False,piano,112,69,56.869442,57.85965724583333
False,piano,112,72,56.869442,57.85965724583333
False,piano,112,33,56.869442,57.36400614583333
False,piano,112,45,56.869442,57.36400614583333
True,piano,96,49,56.869442,57.12922404583333
True,piano,96,36,56.869442,57.12922404583333
True,piano,96,38,57.130311,57.25965854583333
True,piano,96,38,57.2607455,57.39009304583333
False,piano,112,52,57.39118,57.88574414583333
False,piano,112,57,57.39118,57.88574414583333
False,piano,112,60,57.39118,57.88574414583333
True,piano,96,46,57.39118,57.65096204583333
True,piano,96,36,57.39118,57.65096204583333
True,piano,96,38,57.652049,57.78139654583333
True,piano,96,38,57.7824835,57.91183104583333
False,piano,112,65,57.912918,58.407482145833335
False,piano,112,69,57.912918,58.407482145833335
False,piano,112,72,57.912918,58.407482145833335
False,piano,112,52,57.912918,58.407482145833335
False,piano,112,57,57.912918,58.407482145833335
False,piano,112,60,57.912918,58.407482145833335
True,piano,96,38,57.912918,58.04226554583333
True,piano,96,36,57.912918,58.17270004583333
True,piano,96,50,58.0433525,58.17270004583333
True,piano,96,48,58.173787,58.30313454583333
True,piano,96,45,58.3042215,58.43356904583333
False,piano,112,65,58.434656,58.929220145833334
False,piano,112,69,58.434656,58.929220145833334
False,piano,112,74,58.434656,58.929220145833334
False,piano,112,34,58.434656,58.929220145833334
False,piano,112,46,58.434656,58.929220145833334
True,piano,96,49,58.434656,58.69443804583333
True,piano,96,36,58.434656,58.69443804583333
False,piano,112,72,58.956393999999996,59.20313259583333
False,piano,112,76,58.956393999999996,59.20313259583333
False,piano,112,50,58.956393999999996,59.45095814583333
False,piano,112,53,58.956393999999996,59.45095814583333
False,piano,112,58,58.956393999999996,59.45095814583333
True,piano,96,38,58.956393999999996,59.21617604583333
True,piano,96,36,58.956393999999996,59.21617604583333
False,piano,112,74,59.217262999999996,59.71182714583333
False,piano,112,77,59.217262999999996,59.71182714583333
True,piano,96,46,59.217262999999996,59.47704504583333
False,piano,112,50,59.478131999999995,59.97269614583333
False,piano,112,53,59.478131999999995,59.97269614583333
False,piano,112,58,59.478131999999995,59.97269614583333
True,piano,96,36,59.478131999999995,59.99878304583333
False,piano,112,70,59.739000999999995,59.98573959583333
False,piano,112,74,59.739000999999995,59.98573959583333
False,piano,112,77,59.739000999999995,59.98573959583333
True,piano,96,46,59.739000999999995,59.99878304583333
False,piano,112,69,59.999869999999994,60.49443414583333
False,piano,112,73,59.999869999999994,60.49443414583333
False,piano,112,76,59.999869999999994,60.49443414583333
False,piano,112,33,59.999869999999994,60.49443414583333
False,piano,112,45,59.999869999999994,60.49443414583333
True,piano,96,57,59.999869999999994,60.259652045833334
True,piano,96,36,59.999869999999994,60.259652045833334
True,piano,96,46,60.260739,60.520521045833334
False,piano,112,64,60.521608,61.01617214583333
False,piano,112,69,60.521608,61.01617214583333
False,piano,112,74,60.521608,61.01617214583333
False,piano,112,49,60.521608,61.01617214583333
False,piano,112,52,60.521608,61.01617214583333
False,piano,112,57,60.521608,61.01617214583333
True,piano,96,38,60.521608,60.781390045833334
True,piano,96,36,60.521608,60.781390045833334
True,piano,96,38,60.782477,60.91182454583333
True,piano,96,38,60.9129115,61.04225904583333
False,piano,112,64,61.043346,61.53791014583333
False,piano,112,69,61.043346,61.53791014583333
False,piano,112,73,61.043346,61.53791014583333
False,piano,112,52,61.043346,61.53791014583333
False,piano,112,57,61.043346,61.53791014583333
False,piano,112,61,61.043346,61.53791014583333
True,piano,96,50,61.043346,61.17269354583333
True,piano,96,50,61.1737805,61.30312804583333
True,piano,96,38,61.304215,61.43356254583333
True,piano,96,38,61.4346495,61.56399704583333
False,piano,112,62,61.565084,61.93573537083333
False,piano,112,69,61.565084,61.93573537083333
False,piano,112,74,61.565084,61.93573537083333
False,piano,112,50,61.565084,61.93573537083333
False,piano,112,57,61.565084,61.93573537083333
True,piano,96,46,61.565084,61.69443154583333
True,piano,96,36,61.565084,61.69443154583333
True,piano,96,44,61.6955185,61.82486604583333
True,piano,64,38,61.825953,61.95530054583333
False,piano,112,65,61.9563875,62.327038870833334
False,piano,112,74,61.9563875,62.327038870833334
False,piano,112,77,61.9563875,62.327038870833334
False,piano,112,50,61.9563875,62.327038870833334
False,piano,112,57,61.9563875,62.327038870833334
False,piano,112,62,61.9563875,62.327038870833334
True,piano,96,46,61.9563875,62.08573504583333
True,piano,96,36,61.9563875,62.08573504583333
True,piano,96,44,62.086822,62.21616954583333
True,piano,64,38,62.2172565,62.34660404583333
False,piano,112,69,62.347691,62.59442959583333
False,piano,112,74,62.347691,62.59442959583333
False,piano,112,81,62.347691,62.59442959583333
False,piano,112,57,62.347691,62.59442959583333
False,piano,112,62,62.347691,62.59442959583333
True,piano,96,46,62.347691,62.47703854583333
True,piano,96,36,62.347691,62.47703854583333
True,piano,96,44,62.4781255,62.60747304583333
True,piano,96,38,62.60856,62.73790754583333
True,piano,96,38,62.7389945,62.86834204583333
False,piano,112,65,62.869429,62.869429
False,piano,112,72,62.869429,63.24008037083333
False,piano,112,77,62.869429,63.24008037083333
False,piano,112,53,62.869429,63.24008037083333
False,piano,112,60,62.869429,63.24008037083333
False,piano,112,65,62.869429,63.24008037083333
True,piano,96,36,62.869429,62.99877654583333
True,piano,96,46,62.869429,63.12921104583333
True,piano,96,44,62.9998635,63.12921104583333
True,piano,64,38,63.130297999999996,63.25964554583333
False,piano,112,69,63.260732499999996,63.63138387083333
False,piano,112,77,63.260732499999996,63.63138387083333
False,piano,112,81,63.260732499999996,63.63138387083333
False,piano,112,53,63.260732499999996,63.63138387083333
False,piano,112,60,63.260732499999996,63.63138387083333
False,piano,112,65,63.260732499999996,63.63138387083333
True,piano,96,36,63.260732499999996,63.39008004583333
True,piano,96,46,63.260732499999996,63.52051454583333
True,piano,96,44,63.391166999999996,63.52051454583333
False,piano,112,76,63.652035999999995,63.89877459583333
False,piano,112,81,63.652035999999995,63.89877459583333
False,piano,112,88,63.652035999999995,63.89877459583333
False,piano,112,53,63.652035999999995,63.89877459583333
False,piano,112,60,63.652035999999995,63.89877459583333
False,piano,112,65,63.652035999999995,63.89877459583333
True,piano,127,38,63.652035999999995,63.67051422083333
True,piano,127,38,63.671601175,63.91073109166666
False,piano,112,77,64.173774,64.91616369583333
False,piano,112,82,64.173774,64.91616369583333
False,piano,112,86,64.173774,64.91616369583333
False,piano,112,89,64.173774,64.91616369583333
False,piano,112,34,64.173774,64.66833814583333
False,piano,112,41,64.173774,64.66833814583333
False,piano,112,46,64.173774,64.66833814583333
True,piano,96,57,64.173774,64.43355604583333
True,piano,96,36,64.173774,64.43355604583333
True,piano,96,38,64.434643,64.56399054583333
True,piano,96,57,64.5650775,64.69442504583333
True,piano,96,36,64.5650775,64.69442504583333
False,piano,112,46,64.695512,64.94225059583333
True,piano,96,38,64.8259465,64.95529404583333
False,piano,112,77,64.956381,65.69877069583333
False,piano,112,84,64.956381,65.69877069583333
False,piano,112,88,64.956381,65.69877069583333
False,piano,112,50,64.956381,65.20311959583333
False,piano,112,53,64.956381,65.20311959583333
False,piano,112,58,64.956381,65.20311959583333
True,piano,96,57,64.956381,65.08572854583333
True,piano,96,36,64.956381,65.08572854583333
False,piano,112,34,65.21724999999999,65.46398859583333
True,piano,96,38,65.21724999999999,65.34659754583333
False,piano,112,46,65.47811899999999,65.72485759583333
True,piano,96,38,65.47811899999999,65.60746654583333
False,piano,112,72,65.73898799999999,66.48137769583333
False,piano,112,76,65.73898799999999,66.48137769583333
False,piano,112,79,65.73898799999999,66.48137769583333
False,piano,112,84,65.73898799999999,66.48137769583333
False,piano,112,36,65.73898799999999,66.23355214583333
False,piano,112,43,65.73898799999999,66.23355214583333
False,piano,112,48,65.73898799999999,66.23355214583333
True,piano,96,57,65.73898799999999,65.86833554583333
True,piano,96,36,65.73898799999999,65.86833554583333
True,piano,96,38,65.99985699999999,66.12920454583333
True,piano,96,57,66.1302915,66.25963904583332
True,piano,96,36,66.1302915,66.25963904583332
False,piano,112,52,66.26072599999999,66.50746459583333
False,piano,112,55,66.26072599999999,66.50746459583333
False,piano,112,60,66.26072599999999,66.50746459583333
True,piano,96,38,66.3911605,66.52050804583332
False,piano,112,69,66.52159499999999,67.01615914583333
False,piano,112,73,66.52159499999999,67.01615914583333
False,piano,112,76,66.52159499999999,67.01615914583333
False,piano,112,37,66.52159499999999,67.01615914583333
False,piano,112,45,66.52159499999999,67.01615914583333
False,piano,112,49,66.52159499999999,67.01615914583333
True,piano,96,57,66.52159499999999,66.65094254583333
True,piano,96,36,66.52159499999999,66.65094254583333
True,piano,96,50,66.782464,66.91181154583333
True,piano,96,50,66.9128985,67.04224604583334
False,piano,112,77,67.043333,67.78572269583333
False,piano,112,81,67.043333,67.78572269583333
False,piano,112,86,67.043333,67.78572269583333
False,piano,112,89,67.043333,67.78572269583333
False,piano,112,38,67.043333,67.53789714583333
False,piano,112,45,67.043333,67.53789714583333
False,piano,112,50,67.043333,67.53789714583333
True,piano,96,49,67.043333,67.30311504583334
True,piano,96,36,67.043333,67.4346365
True,piano,96,38,67.304202,67.43354954583333
True,piano,96,36,67.4346365,67.56398404583334
True,piano,96,49,67.4346365,67.56398404583334
False,piano,112,38,67.565071,67.81180959583332
True,piano,96,38,67.6955055,67.82485304583334
False,piano,112,76,67.82594,68.56832969583333
False,piano,112,88,67.82594,68.56832969583333
False,piano,112,41,67.82594,68.32050414583333
False,piano,112,45,67.82594,68.32050414583333
False,piano,112,50,67.82594,68.32050414583333
True,piano,96,49,67.82594,67.95528754583333
True,piano,96,36,67.82594,67.95528754583333
True,piano,96,38,68.086809,68.21615654583333
False,piano,112,38,68.347678,68.59441659583334
True,piano,96,38,68.347678,68.47702554583333
False,piano,112,80,68.608547,68.85528559583334
False,piano,112,41,68.608547,69.10311114583332
False,piano,112,53,68.608547,69.10311114583332
True,piano,96,57,68.608547,68.73789454583333
True,piano,96,36,68.608547,68.73789454583333
False,piano,112,79,68.869416,69.11615459583334
True,piano,96,36,68.9998505,69.12919804583333
False,piano,112,77,69.130285,69.62484914583334
False,piano,112,48,69.130285,69.37702359583334
True,piano,96,46,69.130285,69.25963254583333
True,piano,96,36,69.130285,69.25963254583333
False,piano,112,53,69.391154,69.63789259583334
False,piano,112,57,69.391154,69.63789259583334
False,piano,112,60,69.391154,69.63789259583334
True,piano,96,36,69.391154,69.52050154583333
False,piano,112,72,69.652023,69.89876159583334
False,piano,112,48,69.652023,69.89876159583334
True,piano,96,38,69.652023,69.78137054583333
True,piano,96,46,69.652023,69.78137054583333
True,piano,96,36,69.78245749999999,69.91180504583333
False,piano,112,65,69.912892,70.15963059583333
False,piano,112,41,69.912892,70.15963059583333
False,piano,112,65,70.173761,70.42049959583333
False,piano,112,77,70.173761,70.42049959583333
False,piano,112,34,70.173761,70.66832514583334
False,piano,112,41,70.173761,70.66832514583334
False,piano,112,46,70.173761,70.66832514583334
True,piano,96,57,70.173761,70.43354304583333
True,piano,96,36,70.173761,70.43354304583333
False,piano,112,67,70.43463,70.68136859583333
False,piano,112,79,70.43463,70.68136859583333
True,piano,96,38,70.43463,70.56397754583332
True,piano,96,57,70.56506449999999,70.69441204583333
True,piano,96,36,70.56506449999999,70.69441204583333
False,piano,112,69,70.695499,70.94223759583333
False,piano,112,81,70.695499,70.94223759583333
False,piano,112,46,70.695499,70.94223759583333
True,piano,96,38,70.82593349999999,70.95528104583333
False,piano,112,72,70.956368,71.45093214583333
False,piano,112,84,70.956368,71.45093214583333
False,piano,112,50,70.956368,71.20310659583333
False,piano,112,53,70.956368,71.20310659583333
False,piano,112,58,70.956368,71.20310659583333
True,piano,96,57,70.956368,71.08571554583332
True,piano,96,36,70.956368,71.08571554583332
False,piano,112,34,71.217237,71.46397559583333
True,piano,96,38,71.217237,71.34658454583334
False,piano,112,69,71.478106,71.72484459583333
False,piano,112,81,71.478106,71.72484459583333
False,piano,112,46,71.478106,71.72484459583333
True,piano,96,38,71.478106,71.60745354583334
False,piano,112,67,71.738975,72.23353914583333
False,piano,112,79,71.738975,72.23353914583333
False,piano,112,36,71.738975,72.23353914583333
False,piano,112,43,71.738975,72.23353914583333
False,piano,112,48,71.738975,72.23353914583333
True,piano,96,57,71.738975,71.86832254583334
True,piano,96,36,71.738975,71.86832254583334
True,piano,96,38,71.999844,72.12919154583334
False,piano,112,65,72.260713,72.50745159583333
False,piano,112,77,72.260713,72.50745159583333
False,piano,112,52,72.260713,72.50745159583333
False,piano,112,55,72.260713,72.50745159583333
False,piano,112,60,72.260713,72.50745159583333
True,piano,96,38,72.260713,72.39006054583334
False,piano,112,67,72.521582,72.76832059583333
False,piano,112,79,72.521582,72.76832059583333
False,piano,112,37,72.521582,72.76832059583333
False,piano,112,49,72.521582,72.76832059583333
True,piano,96,57,72.521582,72.65092954583334
True,piano,96,36,72.521582,72.65092954583334
False,piano,112,74,72.782451,73.02918959583333
False,piano,112,86,72.782451,73.02918959583333
False,piano,112,52,72.782451,73.02918959583333
False,piano,112,57,72.782451,73.02918959583333
False,piano,112,61,72.782451,73.02918959583333
True,piano,96,50,72.782451,72.91179854583334
True,piano,96,38,72.9128855,73.04223304583333
False,piano,112,72,73.04332,74.52918634583332
False,piano,112,77,73.04332,74.52918634583332
False,piano,112,81,73.04332,74.52918634583332
False,piano,112,84,73.04332,74.52918634583332
False,piano,112,38,73.04332,73.78570969583333
False,piano,112,50,73.04332,73.78570969583333
True,piano,96,36,73.04332,73.17266754583333
True,piano,96,49,73.04332,73.30310204583333
True,piano,96,38,73.304189,73.43353654583333
True,piano,96,38,73.4346235,73.56397104583333
True,piano,96,38,73.565058,73.69440554583333
False,piano,112,37,73.825927,74.56831669583333
False,piano,112,49,73.825927,74.56831669583333
True,piano,96,57,73.825927,73.95527454583333
True,piano,96,36,73.825927,73.95527454583333
True,piano,96,38,74.08679599999999,74.21614354583333
True,piano,96,38,74.2172305,74.34657804583333
True,piano,96,38,74.34766499999999,74.47701254583333
True,piano,96,38,74.4780995,74.60744704583333
False,piano,112,77,74.60853399999999,75.59874924583333
False,piano,112,84,74.60853399999999,75.59874924583333
False,piano,112,89,74.60853399999999,75.59874924583333
False,piano,112,36,74.60853399999999,75.35092369583333
False,piano,112,48,74.60853399999999,75.35092369583333
True,piano,96,49,74.60853399999999,74.73788154583333
True,piano,96,36,74.60853399999999,74.73788154583333
True,piano,96,38,74.86940299999999,74.99875054583333
True,piano,96,38,74.9998375,75.12918504583332
True,piano,96,38,75.13027199999999,75.25961954583333
True,piano,96,38,75.2607065,75.39005404583332
False,piano,112,35,75.39114099999999,76.13353069583333
False,piano,112,47,75.39114099999999,76.13353069583333
True,piano,96,57,75.39114099999999,75.52048854583333
True,piano,96,36,75.39114099999999,75.65092304583332
False,piano,112,77,75.65201,75.71287943333333
True,piano,96,50,75.65201,75.91179204583334
False,piano,112,79,75.71722725,75.77809668333333
False,piano,112,81,75.7824445,75.84331393333333
False,piano,112,82,75.84766175,75.90853118333332
False,piano,112,84,75.912879,75.97374843333333
True,piano,96,38,75.912879,76.17266104583334
False,piano,112,86,75.97809625,76.03896568333333
False,piano,112,87,76.0433135,76.10418293333333
False,piano,112,88,76.10853075,76.16940018333334
False,piano,112,77,76.173748,76.91613769583333
False,piano,112,82,76.173748,76.91613769583333
False,piano,112,86,76.173748,76.91613769583333
False,piano,112,89,76.173748,76.91613769583333
False,piano,112,34,76.173748,76.66831214583333
False,piano,112,41,76.173748,76.66831214583333
False,piano,112,46,76.173748,76.66831214583333
True,piano,96,57,76.173748,76.43353004583334
True,piano,96,36,76.173748,76.43353004583334
True,piano,96,38,76.434617,76.56396454583333
True,piano,96,57,76.5650515,76.69439904583334
True,piano,96,36,76.5650515,76.69439904583334
False,piano,112,46,76.695486,76.94222459583332
True,piano,96,38,76.8259205,76.95526804583334
False,piano,112,77,76.956355,77.69874469583333
False,piano,112,84,76.956355,77.69874469583333
False,piano,112,88,76.956355,77.69874469583333
False,piano,112,50,76.956355,77.20309359583334
False,piano,112,53,76.956355,77.20309359583334
False,piano,112,58,76.956355,77.20309359583334
True,piano,96,57,76.956355,77.08570254583333
True,piano,96,36,76.956355,77.08570254583333
False,piano,112,34,77.217224,77.46396259583334
True,piano,96,38,77.217224,77.34657154583333
False,piano,112,46,77.478093,77.72483159583334
True,piano,96,38,77.478093,77.60744054583333
False,piano,112,72,77.738962,78.48135169583333
False,piano,112,76,77.738962,78.48135169583333
False,piano,112,79,77.738962,78.48135169583333
False,piano,112,84,77.738962,78.48135169583333
False,piano,112,36,77.738962,78.23352614583332
False,piano,112,43,77.738962,78.23352614583332
False,piano,112,48,77.738962,78.23352614583332
True,piano,96,57,77.738962,77.86830954583333
True,piano,96,36,77.738962,77.86830954583333
True,piano,96,38,77.999831,78.12917854583333
True,piano,96,57,78.1302655,78.25961304583333
True,piano,96,36,78.1302655,78.25961304583333
False,piano,112,52,78.2607,78.50743859583334
False,piano,112,55,78.2607,78.50743859583334
False,piano,112,60,78.2607,78.50743859583334
True,piano,96,38,78.39113449999999,78.52048204583333
False,piano,112,69,78.521569,79.01613314583334
False,piano,112,73,78.521569,79.01613314583334
False,piano,112,76,78.521569,79.01613314583334
False,piano,112,37,78.521569,79.01613314583334
False,piano,112,45,78.521569,79.01613314583334
False,piano,112,49,78.521569,79.01613314583334
True,piano,96,57,78.521569,78.65091654583333
True,piano,96,36,78.521569,78.65091654583333
True,piano,96,50,78.782438,78.91178554583333
True,piano,96,50,78.91287249999999,79.04222004583333
False,piano,112,77,79.043307,79.78569669583334
False,piano,112,81,79.043307,79.78569669583334
False,piano,112,86,79.043307,79.78569669583334
False,piano,112,89,79.043307,79.78569669583334
False,piano,112,38,79.043307,79.53787114583334
False,piano,112,45,79.043307,79.53787114583334
False,piano,112,50,79.043307,79.53787114583334
True,piano,96,49,79.043307,79.30308904583333
True,piano,96,36,79.043307,79.43461049999999
True,piano,96,38,79.304176,79.43352354583332
True,piano,96,49,79.43461049999999,79.56395804583333
True,piano,96,36,79.43461049999999,79.56395804583333
False,piano,112,38,79.565045,79.81178359583333
True,piano,96,38,79.69547949999999,79.82482704583333
False,piano,112,76,79.825914,80.56830369583334
False,piano,112,88,79.825914,80.56830369583334
False,piano,112,41,79.825914,80.32047814583333
False,piano,112,45,79.825914,80.32047814583333
False,piano,112,50,79.825914,80.32047814583333
True,piano,96,49,79.825914,79.95526154583332
True,piano,96,36,79.825914,79.95526154583332
True,piano,96,38,80.086783,80.21613054583334
False,piano,112,38,80.347652,80.59439059583333
True,piano,96,38,80.347652,80.47699954583334
False,piano,112,80,80.608521,80.85525959583333
False,piano,112,41,80.608521,81.10308514583333
False,piano,112,53,80.608521,81.10308514583333
True,piano,96,36,80.608521,80.73786854583334
True,piano,96,57,80.608521,80.86830304583333
False,piano,112,79,80.86939,81.11612859583333
True,piano,96,36,80.9998245,81.12917204583333
False,piano,112,77,81.130259,81.62482314583333
False,piano,112,48,81.130259,81.37699759583333
True,piano,96,46,81.130259,81.25960654583334
True,piano,96,36,81.130259,81.25960654583334
False,piano,112,53,81.391128,81.63786659583333
False,piano,112,57,81.391128,81.63786659583333
False,piano,112,60,81.391128,81.63786659583333
True,piano,96,36,81.391128,81.52047554583334
False,piano,112,72,81.651997,81.89873559583333
False,piano,112,48,81.651997,81.89873559583333
True,piano,96,38,81.651997,81.78134454583333
True,piano,96,46,81.651997,81.78134454583333
True,piano,96,36,81.7824315,81.91177904583333
False,piano,112,65,81.912866,82.15960459583333
False,piano,112,41,81.912866,82.15960459583333
False,piano,112,69,82.173735,82.42047359583333
False,piano,112,81,82.173735,82.42047359583333
False,piano,112,34,82.173735,82.66829914583333
False,piano,112,41,82.173735,82.66829914583333
False,piano,112,46,82.173735,82.66829914583333
True,piano,96,57,82.173735,82.43351704583333
True,piano,96,36,82.173735,82.43351704583333
False,piano,112,74,82.434604,82.68134259583333
True,piano,96,38,82.434604,82.56395154583333
True,piano,96,57,82.5650385,82.69438604583333
True,piano,96,36,82.5650385,82.69438604583333
False,piano,112,69,82.69547299999999,82.94221159583333
False,piano,112,81,82.69547299999999,82.94221159583333
False,piano,112,46,82.69547299999999,82.94221159583333
True,piano,96,38,82.8259075,82.95525504583333
False,piano,112,67,82.95634199999999,83.45090614583333
False,piano,112,79,82.95634199999999,83.45090614583333
False,piano,112,50,82.95634199999999,83.20308059583333
False,piano,112,53,82.95634199999999,83.20308059583333
False,piano,112,58,82.95634199999999,83.20308059583333
True,piano,96,57,82.95634199999999,83.08568954583333
True,piano,96,36,82.95634199999999,83.08568954583333
False,piano,112,34,83.21721099999999,83.46394959583333
True,piano,96,38,83.21721099999999,83.34655854583333
False,piano,112,69,83.47807999999999,83.72481859583333
False,piano,112,81,83.47807999999999,83.72481859583333
False,piano,112,46,83.47807999999999,83.72481859583333
True,piano,96,38,83.47807999999999,83.60742754583333
False,piano,112,72,83.73894899999999,84.23351314583333
False,piano,112,84,83.73894899999999,84.23351314583333
False,piano,112,36,83.73894899999999,84.23351314583333
False,piano,112,43,83.73894899999999,84.23351314583333
False,piano,112,48,83.73894899999999,84.23351314583333
True,piano,96,57,83.73894899999999,83.86829654583333
True,piano,96,36,83.73894899999999,83.86829654583333
True,piano,96,38,83.99981799999999,84.12916554583333
False,piano,112,69,84.26068699999999,84.50742559583333
False,piano,112,81,84.26068699999999,84.50742559583333
False,piano,112,52,84.26068699999999,84.50742559583333
False,piano,112,55,84.26068699999999,84.50742559583333
False,piano,112,60,84.26068699999999,84.50742559583333
True,piano,96,38,84.26068699999999,84.39003454583333
False,piano,112,67,84.521556,84.76829459583332
False,piano,112,79,84.521556,84.76829459583332
False,piano,112,37,84.521556,84.76829459583332
False,piano,112,49,84.521556,84.76829459583332
True,piano,96,57,84.521556,84.65090354583333
True,piano,96,36,84.521556,84.65090354583333
False,piano,112,65,84.782425,85.02916359583332
False,piano,112,77,84.782425,85.02916359583332
False,piano,112,52,84.782425,85.02916359583332
False,piano,112,57,84.782425,85.02916359583332
False,piano,112,61,84.782425,85.02916359583332
True,piano,96,38,84.782425,85.04220704583334
False,piano,112,65,85.043294,86.52916034583333
False,piano,112,69,85.043294,86.52916034583333
False,piano,112,72,85.043294,86.52916034583333
False,piano,112,77,85.043294,86.52916034583333
False,piano,112,38,85.043294,85.53785814583333
False,piano,112,45,85.043294,85.53785814583333
False,piano,112,50,85.043294,85.53785814583333
True,piano,96,36,85.043294,85.17264154583333
True,piano,96,49,85.043294,85.30307604583334
True,piano,96,38,85.304163,85.43351054583333
True,piano,96,38,85.4345975,85.56394504583334
False,piano,112,38,85.565032,85.81177059583332
True,piano,96,38,85.565032,85.69437954583333
True,piano,96,38,85.6954665,85.82481404583334
False,piano,112,41,85.825901,86.32046514583332
False,piano,112,45,85.825901,86.32046514583332
False,piano,112,50,85.825901,86.32046514583332
True,piano,96,57,85.825901,85.95524854583333
True,piano,96,36,85.825901,85.95524854583333
True,piano,96,38,86.08677,86.21611754583333
True,piano,96,38,86.2172045,86.34655204583333
False,piano,112,38,86.347639,86.59437759583334
True,piano,96,38,86.347639,86.47698654583333
True,piano,96,38,86.4780735,86.60742104583333
False,piano,112,88,86.608508,86.85524659583334
False,piano,112,41,86.608508,87.10307214583332
False,piano,112,53,86.608508,87.10307214583332
True,piano,96,49,86.608508,86.73785554583333
True,piano,96,36,86.608508,86.73785554583333
False,piano,112,91,86.869377,87.11611559583334
True,piano,96,38,86.869377,87.12915904583333
True,piano,96,46,86.869377,87.12915904583333
False,piano,112,88,87.130246,87.37698459583333
False,piano,112,48,87.130246,87.37698459583333
True,piano,96,38,87.130246,87.39002804583333
True,piano,96,46,87.130246,87.39002804583333
True,piano,96,36,87.130246,87.39002804583333
False,piano,112,84,87.391115,87.63785359583333
False,piano,112,53,87.391115,87.63785359583333
False,piano,112,57,87.391115,87.63785359583333
False,piano,112,60,87.391115,87.63785359583333
True,piano,96,38,87.391115,87.65089704583333
True,piano,96,46,87.391115,87.65089704583333
False,piano,112,79,87.651984,87.89872259583333
False,piano,112,48,87.651984,87.89872259583333
True,piano,96,38,87.651984,87.91176604583333
True,piano,96,46,87.651984,87.91176604583333
True,piano,96,36,87.651984,87.91176604583333
False,piano,112,77,87.912853,88.15959159583333
False,piano,112,41,87.912853,88.15959159583333
True,piano,96,38,87.912853,88.17263504583333
True,piano,96,46,87.912853,88.17263504583333
False,piano,112,77,88.173722,88.91611169583334
False,piano,112,82,88.173722,88.91611169583334
False,piano,112,86,88.173722,88.91611169583334
False,piano,112,89,88.173722,88.91611169583334
False,piano,112,34,88.173722,88.66828614583333
False,piano,112,41,88.173722,88.66828614583333
False,piano,112,46,88.173722,88.66828614583333
True,piano,96,57,88.173722,88.43350404583333
True,piano,96,36,88.173722,88.43350404583333
True,piano,96,38,88.434591,88.56393854583332
True,piano,96,57,88.56502549999999,88.69437304583333
True,piano,96,36,88.56502549999999,88.69437304583333
False,piano,112,46,88.69546,88.94219859583333
True,piano,96,38,88.82589449999999,88.95524204583333
False,piano,112,77,88.956329,89.69871869583334
False,piano,112,84,88.956329,89.69871869583334
False,piano,112,88,88.956329,89.69871869583334
False,piano,112,50,88.956329,89.20306759583333
False,piano,112,53,88.956329,89.20306759583333
False,piano,112,58,88.956329,89.20306759583333
True,piano,96,57,88.956329,89.08567654583334
True,piano,96,36,88.956329,89.08567654583334
False,piano,112,34,89.217198,89.46393659583333
True,piano,96,38,89.217198,89.34654554583334
False,piano,112,46,89.478067,89.72480559583333
True,piano,96,38,89.478067,89.60741454583334
False,piano,112,72,89.738936,90.48132569583333
False,piano,112,76,89.738936,90.48132569583333
False,piano,112,79,89.738936,90.48132569583333
False,piano,112,84,89.738936,90.48132569583333
False,piano,112,36,89.738936,90.23350014583333
False,piano,112,43,89.738936,90.23350014583333
False,piano,112,48,89.738936,90.23350014583333
True,piano,96,57,89.738936,89.86828354583334
True,piano,96,36,89.738936,89.86828354583334
True,piano,96,38,89.999805,90.12915254583334
True,piano,96,57,90.1302395,90.25958704583333
True,piano,96,36,90.1302395,90.25958704583333
False,piano,112,52,90.260674,90.50741259583333
False,piano,112,55,90.260674,90.50741259583333
False,piano,112,60,90.260674,90.50741259583333
True,piano,96,38,90.3911085,90.52045604583333
False,piano,112,69,90.521543,91.01610714583333
False,piano,112,73,90.521543,91.01610714583333
False,piano,112,76,90.521543,91.01610714583333
False,piano,112,37,90.521543,91.01610714583333
False,piano,112,45,90.521543,91.01610714583333
False,piano,112,49,90.521543,91.01610714583333
True,piano,96,57,90.521543,90.65089054583333
True,piano,96,36,90.521543,90.65089054583333
True,piano,96,50,90.782412,90.91175954583333
True,piano,96,50,90.9128465,91.04219404583333
False,piano,112,77,91.043281,91.78567069583333
False,piano,112,81,91.043281,91.78567069583333
False,piano,112,86,91.043281,91.78567069583333
False,piano,112,89,91.043281,91.78567069583333
False,piano,112,38,91.043281,91.53784514583333
False,piano,112,45,91.043281,91.53784514583333
False,piano,112,50,91.043281,91.53784514583333
True,piano,96,49,91.043281,91.30306304583333
True,piano,96,36,91.043281,91.4345845
True,piano,96,38,91.30414999999999,91.43349754583333
True,piano,96,36,91.4345845,91.56393204583333
True,piano,96,49,91.4345845,91.56393204583333
False,piano,112,38,91.56501899999999,91.81175759583333
True,piano,96,38,91.6954535,91.82480104583333
False,piano,112,76,91.82588799999999,92.56827769583333
False,piano,112,88,91.82588799999999,92.56827769583333
False,piano,112,41,91.82588799999999,92.32045214583333
False,piano,112,45,91.82588799999999,92.32045214583333
False,piano,112,50,91.82588799999999,92.32045214583333
True,piano,96,49,91.82588799999999,91.95523554583333
True,piano,96,36,91.82588799999999,91.95523554583333
True,piano,96,38,92.08675699999999,92.21610454583333
False,piano,112,38,92.34762599999999,92.59436459583333
True,piano,96,38,92.34762599999999,92.47697354583333
False,piano,112,80,92.60849499999999,92.85523359583333
False,piano,112,41,92.60849499999999,93.10305914583333
False,piano,112,53,92.60849499999999,93.10305914583333
True,piano,96,57,92.60849499999999,92.73784254583333
True,piano,96,36,92.60849499999999,92.73784254583333
False,piano,112,79,92.86936399999999,93.11610259583333
True,piano,96,36,92.9997985,93.12914604583332
False,piano,112,77,93.13023299999999,93.62479714583333
False,piano,112,48,93.13023299999999,93.37697159583333
True,piano,96,46,93.13023299999999,93.25958054583333
True,piano,96,36,93.13023299999999,93.25958054583333
False,piano,112,53,93.391102,93.63784059583332
False,piano,112,57,93.391102,93.63784059583332
False,piano,112,60,93.391102,93.63784059583332
True,piano,96,36,93.391102,93.52044954583333
False,piano,112,72,93.651971,93.89870959583332
False,piano,112,48,93.651971,93.89870959583332
True,piano,96,38,93.651971,93.78131854583333
True,piano,96,46,93.651971,93.78131854583333
True,piano,96,36,93.7824055,93.91175304583334
False,piano,112,65,93.91284,94.15957859583332
False,piano,112,41,93.91284,94.15957859583332
False,piano,112,65,94.173709,94.42044759583332
False,piano,112,77,94.173709,94.42044759583332
False,piano,112,34,94.173709,94.66827314583333
False,piano,112,41,94.173709,94.66827314583333
False,piano,112,46,94.173709,94.66827314583333
True,piano,96,57,94.173709,94.43349104583334
True,piano,96,36,94.173709,94.43349104583334
False,piano,112,67,94.434578,94.68131659583332
False,piano,112,79,94.434578,94.68131659583332
True,piano,96,38,94.434578,94.56392554583333
True,piano,96,57,94.5650125,94.69436004583333
True,piano,96,36,94.5650125,94.69436004583333
False,piano,112,69,94.695447,94.94218559583334
False,piano,112,81,94.695447,94.94218559583334
False,piano,112,46,94.695447,94.94218559583334
True,piano,96,38,94.8258815,94.95522904583333
False,piano,112,72,94.956316,95.45088014583332
False,piano,112,84,94.956316,95.45088014583332
False,piano,112,50,94.956316,95.20305459583334
False,piano,112,53,94.956316,95.20305459583334
False,piano,112,58,94.956316,95.20305459583334
True,piano,96,57,94.956316,95.08566354583333
True,piano,96,36,94.956316,95.08566354583333
False,piano,112,34,95.217185,95.46392359583334
True,piano,96,38,95.217185,95.34653254583333
False,piano,112,69,95.478054,95.72479259583334
False,piano,112,81,95.478054,95.72479259583334
False,piano,112,46,95.478054,95.72479259583334
True,piano,96,38,95.478054,95.60740154583333
False,piano,112,67,95.738923,96.23348714583334
False,piano,112,79,95.738923,96.23348714583334
False,piano,112,36,95.738923,96.23348714583334
False,piano,112,43,95.738923,96.23348714583334
False,piano,112,48,95.738923,96.23348714583334
True,piano,96,57,95.738923,95.86827054583333
True,piano,96,36,95.738923,95.86827054583333
True,piano,96,38,95.999792,96.12913954583333
False,piano,112,65,96.260661,96.50739959583333
False,piano,112,77,96.260661,96.50739959583333
False,piano,112,52,96.260661,96.50739959583333
False,piano,112,55,96.260661,96.50739959583333
False,piano,112,60,96.260661,96.50739959583333
True,piano,96,38,96.260661,96.39000854583333
False,piano,112,67,96.52153,96.76826859583333
False,piano,112,79,96.52153,96.76826859583333
False,piano,112,37,96.52153,96.76826859583333
False,piano,112,49,96.52153,96.76826859583333
True,piano,96,57,96.52153,96.65087754583332
True,piano,96,36,96.52153,96.65087754583332
False,piano,112,74,96.782399,97.02913759583333
False,piano,112,86,96.782399,97.02913759583333
False,piano,112,52,96.782399,97.02913759583333
False,piano,112,57,96.782399,97.02913759583333
False,piano,112,61,96.782399,97.02913759583333
True,piano,96,45,96.782399,96.91174654583332
True,piano,96,38,96.91283349999999,97.04218104583333
False,piano,112,72,97.043268,98.03348324583332
False,piano,112,77,97.043268,98.03348324583332
False,piano,112,84,97.043268,98.03348324583332
False,piano,112,38,97.043268,97.78565769583334
False,piano,112,50,97.043268,97.78565769583334
True,piano,96,36,97.043268,97.17261554583332
True,piano,96,49,97.043268,97.30305004583333
True,piano,96,38,97.304137,97.43348454583332
True,piano,96,38,97.43457149999999,97.56391904583333
True,piano,96,38,97.565006,97.69435354583332
True,piano,96,38,97.69544049999999,97.82478804583333
False,piano,112,37,97.825875,98.56826469583334
False,piano,112,49,97.825875,98.56826469583334
True,piano,96,57,97.825875,97.95522254583334
True,piano,96,36,97.825875,97.95522254583334
False,piano,112,84,98.086744,98.20956982083332
True,piano,96,38,98.086744,98.21609154583334
False,piano,112,86,98.2171785,98.34000432083333
True,piano,96,38,98.2171785,98.34652604583333
False,piano,112,87,98.347613,98.47043882083332
True,piano,96,38,98.347613,98.47696054583334
False,piano,112,88,98.4780475,98.60087332083333
True,piano,96,38,98.4780475,98.60739504583333
False,piano,112,77,98.608482,99.59869724583334
False,piano,112,84,98.608482,99.59869724583334
False,piano,112,89,98.608482,99.59869724583334
False,piano,112,36,98.608482,99.35087169583333
False,piano,112,48,98.608482,99.35087169583333
True,piano,96,49,98.608482,98.73782954583334
True,piano,96,36,98.608482,98.73782954583334
True,piano,96,38,98.869351,98.99869854583334
True,piano,96,38,98.9997855,99.12913304583333
True,piano,96,38,99.13022,99.25956754583333
True,piano,96,38,99.2606545,99.39000204583333
False,piano,112,35,99.391089,100.13347869583333
False,piano,112,47,99.391089,100.13347869583333
True,piano,96,57,99.391089,99.52043654583333
True,piano,96,36,99.391089,99.65087104583333
False,piano,112,77,99.651958,99.71282743333333
True,piano,96,50,99.651958,99.91174004583333
False,piano,112,79,99.71717525,99.77804468333333
False,piano,112,81,99.7823925,99.84326193333332
False,piano,112,82,99.84760974999999,99.90847918333333
False,piano,112,84,99.912827,99.97369643333333
True,piano,96,38,99.912827,100.17260904583333
False,piano,112,86,99.97804425,100.03891368333333
False,piano,112,87,100.0432615,100.10413093333332
False,piano,112,88,100.10847875,100.16934818333333
False,piano,112,77,100.17369599999999,100.91608569583333
False,piano,112,82,100.17369599999999,100.91608569583333
False,piano,112,86,100.17369599999999,100.91608569583333
False,piano,112,89,100.17369599999999,100.91608569583333
False,piano,112,34,100.17369599999999,100.66826014583333
False,piano,112,41,100.17369599999999,100.66826014583333
False,piano,112,46,100.17369599999999,100.66826014583333
True,piano,96,57,100.17369599999999,100.43347804583333
True,piano,96,36,100.17369599999999,100.43347804583333
True,piano,96,38,100.43456499999999,100.56391254583333
True,piano,96,57,100.5649995,100.69434704583333
True,piano,96,36,100.5649995,100.69434704583333
False,piano,112,58,100.69543399999999,100.94217259583333
True,piano,96,38,100.8258685,100.95521604583332
False,piano,112,77,100.95630299999999,101.69869269583333
False,piano,112,84,100.95630299999999,101.69869269583333
False,piano,112,88,100.95630299999999,101.69869269583333
False,piano,112,53,100.95630299999999,101.20304159583333
True,piano,96,57,100.95630299999999,101.08565054583333
True,piano,96,36,100.95630299999999,101.08565054583333
False,piano,112,50,101.21717199999999,101.46391059583333
True,piano,96,38,101.21717199999999,101.34651954583333
False,piano,112,46,101.47804099999999,101.72477959583333
True,piano,96,38,101.47804099999999,101.60738854583333
False,piano,112,72,101.73890999999999,102.48129969583333
False,piano,112,76,101.73890999999999,102.48129969583333
False,piano,112,79,101.73890999999999,102.48129969583333
False,piano,112,84,101.73890999999999,102.48129969583333
False,piano,112,36,101.73890999999999,101.98564859583333
False,piano,112,43,101.73890999999999,101.98564859583333
False,piano,112,48,101.73890999999999,101.98564859583333
True,piano,96,57,101.73890999999999,101.86825754583333
True,piano,96,36,101.73890999999999,101.86825754583333
False,piano,112,43,101.99977899999999,102.24651759583332
True,piano,96,38,101.99977899999999,102.12912654583333
True,piano,96,57,102.1302135,102.25956104583332
True,piano,96,36,102.1302135,102.25956104583332
False,piano,112,52,102.26064799999999,102.50738659583332
True,piano,96,38,102.3910825,102.52043004583334
False,piano,112,69,102.521517,103.01608114583333
False,piano,112,73,102.521517,103.01608114583333
False,piano,112,76,102.521517,103.01608114583333
False,piano,112,37,102.521517,102.76825559583332
False,piano,112,45,102.521517,102.76825559583332
False,piano,112,49,102.521517,102.76825559583332
True,piano,96,57,102.521517,102.65086454583333
True,piano,96,36,102.521517,102.65086454583333
False,piano,112,52,102.782386,103.02912459583332
True,piano,96,50,102.782386,102.91173354583333
True,piano,96,50,102.9128205,103.04216804583334
False,piano,112,77,103.043255,103.78564469583333
False,piano,112,81,103.043255,103.78564469583333
False,piano,112,86,103.043255,103.78564469583333
False,piano,112,89,103.043255,103.78564469583333
False,piano,112,38,103.043255,103.53781914583332
False,piano,112,45,103.043255,103.53781914583332
False,piano,112,50,103.043255,103.53781914583332
True,piano,96,49,103.043255,103.30303704583334
True,piano,96,36,103.043255,103.4345585
True,piano,96,38,103.304124,103.43347154583333
True,piano,96,49,103.4345585,103.56390604583333
True,piano,96,36,103.4345585,103.56390604583333
False,piano,112,62,103.564993,103.81173159583334
True,piano,96,38,103.6954275,103.82477504583333
False,piano,112,76,103.825862,104.56825169583333
False,piano,112,88,103.825862,104.56825169583333
False,piano,112,57,103.825862,104.07260059583334
True,piano,96,49,103.825862,103.95520954583333
True,piano,96,36,103.825862,103.95520954583333
False,piano,112,53,104.086731,104.33346959583334
True,piano,96,38,104.086731,104.21607854583333
False,piano,112,50,104.3476,104.59433859583334
True,piano,96,38,104.3476,104.47694754583333
False,piano,112,68,104.608469,104.85520759583333
False,piano,112,80,104.608469,104.85520759583333
False,piano,112,41,104.608469,104.85520759583333
False,piano,112,53,104.608469,104.85520759583333
True,piano,96,36,104.608469,104.73781654583333
True,piano,96,57,104.608469,104.86825104583333
False,piano,112,67,104.869338,105.11607659583333
False,piano,112,79,104.869338,105.11607659583333
False,piano,112,41,104.869338,105.11607659583333
True,piano,96,36,104.99977249999999,105.12912004583333
False,piano,112,65,105.130207,105.62477114583334
False,piano,112,77,105.130207,105.62477114583334
False,piano,112,48,105.130207,105.37694559583333
True,piano,96,46,105.130207,105.25955454583332
True,piano,96,36,105.130207,105.25955454583332
False,piano,112,53,105.391076,105.63781459583333
True,piano,96,36,105.391076,105.52042354583332
False,piano,112,72,105.651945,105.77477082083333
False,piano,112,48,105.651945,105.89868359583333
True,piano,96,38,105.651945,105.78129254583332
True,piano,96,46,105.651945,105.78129254583332
False,piano,112,69,105.78237949999999,105.90520532083333
True,piano,96,36,105.78237949999999,105.91172704583333
False,piano,112,65,105.912814,106.03563982083332
False,piano,112,45,105.912814,106.15955259583333
False,piano,112,60,106.04324849999999,106.16607432083333
False,piano,112,65,106.173683,106.42042159583333
False,piano,112,77,106.173683,106.42042159583333
False,piano,112,34,106.173683,106.66824714583333
False,piano,112,41,106.173683,106.66824714583333
False,piano,112,46,106.173683,106.66824714583333
True,piano,96,57,106.173683,106.43346504583333
True,piano,96,36,106.173683,106.43346504583333
False,piano,112,67,106.434552,106.68129059583333
False,piano,112,79,106.434552,106.68129059583333
True,piano,96,38,106.434552,106.56389954583332
True,piano,96,57,106.56498649999999,106.69433404583333
True,piano,96,36,106.56498649999999,106.69433404583333
False,piano,112,69,106.695421,106.94215959583333
False,piano,112,81,106.695421,106.94215959583333
False,piano,112,58,106.695421,106.94215959583333
True,piano,96,38,106.8258555,106.95520304583333
False,piano,112,72,106.95629,107.45085414583333
False,piano,112,84,106.95629,107.45085414583333
False,piano,112,53,106.95629,107.20302859583333
True,piano,96,57,106.95629,107.08563754583334
True,piano,96,36,106.95629,107.08563754583334
False,piano,112,50,107.217159,107.46389759583333
True,piano,96,38,107.217159,107.34650654583334
False,piano,112,69,107.478028,107.72476659583333
False,piano,112,81,107.478028,107.72476659583333
False,piano,112,46,107.478028,107.72476659583333
True,piano,96,38,107.478028,107.60737554583334
False,piano,112,67,107.738897,108.23346114583333
False,piano,112,79,107.738897,108.23346114583333
False,piano,112,36,107.738897,107.98563559583333
False,piano,112,43,107.738897,107.98563559583333
False,piano,112,48,107.738897,107.98563559583333
True,piano,96,57,107.738897,107.86824454583333
True,piano,96,36,107.738897,107.86824454583333
False,piano,112,43,107.999766,108.24650459583333
True,piano,96,38,107.999766,108.12911354583333
False,piano,112,65,108.260635,108.50737359583333
False,piano,112,77,108.260635,108.50737359583333
False,piano,112,52,108.260635,108.50737359583333
True,piano,96,38,108.260635,108.38998254583333
False,piano,112,67,108.521504,108.76824259583333
False,piano,112,79,108.521504,108.76824259583333
False,piano,112,37,108.521504,109.01606814583333
False,piano,112,45,108.521504,109.01606814583333
False,piano,112,49,108.521504,109.01606814583333
True,piano,96,57,108.521504,108.65085154583333
True,piano,96,36,108.521504,108.65085154583333
False,piano,112,65,108.78237299999999,109.02911159583333
False,piano,112,77,108.78237299999999,109.02911159583333
True,piano,96,38,108.78237299999999,109.04215504583333
False,piano,112,65,109.04324199999999,110.52910834583334
False,piano,112,69,109.04324199999999,110.52910834583334
False,piano,112,74,109.04324199999999,110.52910834583334
False,piano,112,77,109.04324199999999,110.52910834583334
False,piano,112,38,109.04324199999999,110.52910834583334
False,piano,112,45,109.04324199999999,110.52910834583334
False,piano,112,50,109.04324199999999,110.52910834583334
True,piano,96,36,109.04324199999999,109.17258954583333
True,piano,96,49,109.04324199999999,109.30302404583333
True,piano,96,38,109.30411099999999,109.43345854583333
True,piano,96,38,109.4345455,109.56389304583332
True,piano,96,38,109.56497999999999,109.82476204583332
True,piano,96,38,109.82584899999999,110.08563104583332
True,piano,96,38,110.08671799999999,110.34650004583332
True,piano,96,38,110.34758699999999,110.60736904583332
False,piano,112,88,110.60845599999999,110.85519459583332
False,piano,112,41,110.60845599999999,112.09432234583333
False,piano,112,48,110.60845599999999,112.09432234583333
False,piano,112,53,110.60845599999999,112.09432234583333
True,piano,96,49,110.60845599999999,110.73780354583333
True,piano,96,36,110.60845599999999,110.73780354583333
False,piano,112,91,110.86932499999999,111.11606359583332
True,piano,96,38,110.86932499999999,111.12910704583332
True,piano,96,46,110.86932499999999,111.12910704583332
False,piano,112,88,111.13019399999999,111.37693259583332
True,piano,96,38,111.13019399999999,111.38997604583334
True,piano,96,46,111.13019399999999,111.38997604583334
True,piano,96,36,111.13019399999999,111.38997604583334
False,piano,112,84,111.391063,111.63780159583332
True,piano,96,38,111.391063,111.65084504583334
True,piano,96,46,111.391063,111.65084504583334
False,piano,112,79,111.651932,111.89867059583332
True,piano,96,38,111.651932,111.91171404583334
True,piano,96,46,111.651932,111.91171404583334
True,piano,96,36,111.651932,111.91171404583334
False,piano,112,77,111.912801,112.15953959583332
True,piano,96,38,111.912801,112.17258304583333
True,piano,96,46,111.912801,112.17258304583333
False,piano,112,65,112.17367,112.42040859583332
False,piano,112,77,112.17367,112.42040859583332
False,piano,112,46,112.17367,115.14648964583333
False,piano,112,50,112.17367,115.14648964583333
False,piano,112,53,112.17367,115.14648964583333
False,piano,112,57,112.17367,115.14648964583333
True,piano,96,44,112.17367,112.69432104583333
False,piano,112,67,112.434539,112.68127759583334
False,piano,112,79,112.434539,112.68127759583334
False,piano,112,69,112.695408,112.94214659583334
False,piano,112,81,112.695408,112.94214659583334
True,piano,96,44,112.695408,113.21605904583333
False,piano,112,72,112.956277,113.45084114583332
False,piano,112,84,112.956277,113.45084114583332
True,piano,96,44,113.217146,113.73779704583333
False,piano,112,69,113.478015,113.72475359583333
False,piano,112,81,113.478015,113.72475359583333
False,piano,112,67,113.738884,114.23344814583334
False,piano,112,79,113.738884,114.23344814583334
True,piano,96,44,113.738884,114.25953504583333
False,piano,112,65,114.260622,114.50736059583333
False,piano,112,77,114.260622,114.50736059583333
True,piano,96,44,114.260622,114.78127304583333
False,piano,112,67,114.521491,114.76822959583333
False,piano,112,79,114.521491,114.76822959583333
False,piano,112,65,114.78236,115.02909859583333
False,piano,112,77,114.78236,115.02909859583333
True,piano,96,44,114.78236,115.30301104583333
False,piano,112,67,115.043229,115.28996759583333
False,piano,112,79,115.043229,115.28996759583333
False,piano,112,74,115.304098,118.27691764583332
False,piano,112,77,115.304098,118.27691764583332
False,piano,112,81,115.304098,118.27691764583332
False,piano,112,86,115.304098,118.27691764583332
False,piano,112,50,115.304098,118.27691764583332
False,piano,112,53,115.304098,118.27691764583332
False,piano,112,57,115.304098,118.27691764583332
False,piano,112,62,115.304098,118.27691764583332
True,piano,112,49,115.304098,115.43344554583332
True,piano,112,36,115.304098,115.43344554583332
True,piano,112,38,115.43453249999999,115.56388004583333
True,piano,112,38,115.564967,115.69431454583332
True,piano,127,38,115.6954015,115.82474904583333
True,piano,112,36,115.6954015,115.82474904583333
True,piano,112,38,115.825836,115.95518354583334
True,piano,112,38,115.9562705,116.08561804583333
True,piano,127,38,116.086705,116.21605254583334
True,piano,112,36,116.086705,116.21605254583334
True,piano,112,38,116.2171395,116.34648704583333
True,piano,112,38,116.347574,116.47692154583333
True,piano,127,38,116.4780085,116.60735604583333
True,piano,112,36,116.4780085,116.60735604583333
True,piano,112,38,116.608443,116.73779054583333
True,piano,112,38,116.7388775,116.86822504583333
True,piano,112,49,116.869312,116.99865954583333
True,piano,112,36,116.869312,116.99865954583333
True,piano,112,38,117.130181,117.38996304583333
True,piano,112,46,117.130181,117.38996304583333
True,piano,112,38,117.39104999999999,117.65083204583333
True,piano,112,46,117.39104999999999,117.65083204583333
True,piano,112,36,117.39104999999999,117.65083204583333
True,piano,112,38,117.65191899999999,117.91170104583333
True,piano,112,46,117.65191899999999,117.91170104583333
True,piano,112,38,117.91278799999999,118.17257004583333
True,piano,112,46,117.91278799999999,118.17257004583333
True,piano,112,36,117.91278799999999,118.17257004583333
True,piano,112,38,118.17365699999999,118.43343904583332
True,piano,112,46,118.17365699999999,118.43343904583332
True,piano,112,49,118.43452599999999,118.95517704583332
True,piano,112,36,118.43452599999999,118.95517704583332
